UDI,Air_Temperature_K,Process_Temperature_K,Rotational_Speed_RPM,Torque_Nm,Tool_Wear_min,Pressure_bar,Vibration_mm_s,Machine_Failure,Failure_Type
1,298.56,311.15,1765.0,51.45,175,6.84,2.24,1,Power Failure
2,304.03,316.43,1654.3,63.85,210,5.84,0.5,1,Tool Wear Failure
3,301.95,312.08,1670.9,71.54,225,5.09,2.66,1,Tool Wear Failure
4,300.69,312.39,1158.5,57.76,193,5.45,1.78,0,No Failure
5,296.48,308.38,1803.0,52.29,204,5.52,6.68,1,Tool Wear Failure
6,296.48,308.48,1565.3,59.18,132,4.54,1.92,0,No Failure
7,295.55,308.45,1407.7,49.89,198,6.19,8.65,0,No Failure
8,303.23,315.9,1535.8,67.2,73,6.05,2.34,0,No Failure
9,300.71,313.75,1100.0,62.76,96,7.35,9.9,0,No Failure
10,301.73,315.55,1602.2,58.0,76,7.01,2.13,1,Power Failure
11,295.2,309.26,1242.7,62.63,112,4.68,2.16,0,No Failure
12,304.21,317.8,1161.8,60.87,69,6.48,4.84,0,No Failure
13,302.91,317.69,1119.4,69.54,231,4.36,4.36,1,Tool Wear Failure
14,297.02,307.11,1778.2,54.28,75,6.34,0.74,0,No Failure
15,296.73,307.71,1342.7,61.43,24,4.88,2.67,0,No Failure
16,296.74,306.78,1883.4,47.05,126,4.27,1.77,0,No Failure
17,297.89,311.13,1366.0,67.87,14,5.84,1.67,0,No Failure
18,299.99,314.48,1100.0,86.54,27,2.29,2.66,0,No Failure
19,299.1,310.32,1220.9,68.98,53,3.4,1.98,0,No Failure
20,297.77,312.4,1809.0,65.78,111,5.29,2.87,0,No Failure
21,300.81,311.11,1461.0,48.88,104,5.6,1.03,0,No Failure
22,296.33,311.0,1362.9,66.32,192,5.06,0.57,1,Power Failure
23,297.78,309.53,1540.0,50.23,177,3.6,4.97,0,No Failure
24,298.48,308.99,1625.4,44.72,102,4.52,5.5,0,No Failure
25,299.33,311.76,1779.3,49.02,80,5.97,4.76,1,Power Failure
26,302.46,313.74,1862.1,66.68,76,6.2,2.57,0,No Failure
27,296.9,308.32,1410.1,73.3,186,5.48,1.86,1,Power Failure
28,299.89,311.42,1168.5,71.06,12,6.89,1.48,0,No Failure
29,300.63,314.64,1396.6,48.74,3,5.98,1.26,0,No Failure
30,295.44,308.14,1565.1,58.74,191,4.6,2.34,0,No Failure
31,300.77,312.33,1259.1,69.84,115,5.16,5.41,1,Power Failure
32,296.62,309.67,1260.7,68.54,31,3.82,1.38,1,Power Failure
33,295.62,309.2,1585.9,41.84,57,5.37,5.42,0,No Failure
34,304.01,315.38,1487.8,53.34,224,6.83,0.61,1,Overstrain Failure
35,304.17,316.24,1508.2,61.2,206,6.32,2.98,1,Tool Wear Failure
36,302.68,313.29,1310.4,71.16,170,7.18,3.45,1,Power Failure
37,297.89,308.8,1442.4,41.19,116,5.14,1.62,0,No Failure
38,295.93,309.33,1268.9,65.0,125,7.12,0.97,0,No Failure
39,301.5,312.41,1722.5,58.98,234,5.27,4.52,1,Tool Wear Failure
40,299.18,311.81,1758.8,65.32,232,7.27,2.58,1,Tool Wear Failure
41,296.16,309.7,1100.0,76.93,52,5.47,11.87,1,Overstrain Failure
42,299.7,310.24,1267.6,72.47,195,6.35,5.47,1,Overstrain Failure
43,295.33,308.16,1125.9,61.48,47,7.27,5.49,0,No Failure
44,303.64,314.92,1337.5,46.17,51,5.27,0.5,0,No Failure
45,297.46,312.27,1479.1,58.49,162,5.76,1.4,1,Power Failure
46,301.29,313.71,1137.6,79.26,97,7.05,0.86,1,Power Failure
47,297.96,311.99,1269.5,80.54,224,5.34,0.5,1,Tool Wear Failure
48,299.94,312.69,1249.0,74.13,21,3.91,2.43,0,No Failure
49,300.19,310.41,1551.8,65.26,123,8.07,4.44,1,Power Failure
50,296.76,309.92,1517.3,65.45,220,4.94,1.06,1,Tool Wear Failure
51,304.21,318.97,1319.6,60.05,217,5.69,0.5,1,Tool Wear Failure
52,302.36,315.37,1544.2,59.82,38,6.89,1.14,1,Power Failure
53,303.93,318.02,1363.3,81.42,88,4.77,2.2,1,Power Failure
54,303.5,317.92,1432.1,53.93,149,4.29,2.08,0,No Failure
55,300.68,311.82,1918.4,69.78,38,5.8,2.52,1,Power Failure
56,303.76,314.82,1835.1,52.08,232,3.35,3.4,1,Tool Wear Failure
57,295.84,308.9,1175.1,81.75,220,5.15,2.47,1,Tool Wear Failure
58,296.86,308.92,1707.4,43.78,40,5.79,4.62,0,No Failure
59,295.43,309.63,1702.8,63.8,29,5.18,1.08,1,Power Failure
60,298.09,312.59,1212.9,60.37,20,3.65,2.01,0,No Failure
61,298.69,310.46,1704.7,43.75,218,7.41,3.81,1,Tool Wear Failure
62,297.58,308.76,1884.5,56.5,46,5.62,3.09,0,No Failure
63,302.87,316.78,1219.4,77.71,100,7.22,7.99,1,Power Failure
64,298.39,309.76,1270.6,58.14,108,5.19,1.12,0,No Failure
65,297.67,311.78,1754.4,41.92,144,4.44,3.86,0,No Failure
66,300.16,312.27,1567.9,59.72,17,5.82,1.47,1,Power Failure
67,296.34,309.68,1637.9,58.37,54,5.24,1.33,0,No Failure
68,302.62,313.1,1585.1,65.78,224,4.09,5.24,1,Tool Wear Failure
69,295.71,308.83,1597.7,69.54,218,7.26,2.45,1,Tool Wear Failure
70,304.38,316.63,1168.4,68.04,188,4.75,3.05,1,Overstrain Failure
71,302.34,315.27,1761.8,75.32,5,3.29,1.57,1,Power Failure
72,296.89,307.73,1792.4,58.39,78,7.09,1.64,1,Power Failure
73,295.05,308.74,1442.7,59.68,151,4.89,0.56,1,Power Failure
74,302.75,317.06,1489.1,46.1,66,4.77,2.87,0,No Failure
75,301.72,312.8,1117.2,67.03,218,3.38,0.98,1,Tool Wear Failure
76,301.93,312.4,1628.6,56.06,152,7.59,2.24,1,Power Failure
77,302.33,312.45,1643.0,68.74,17,3.95,4.61,1,Power Failure
78,295.7,308.91,1484.5,66.94,218,5.57,0.5,1,Tool Wear Failure
79,298.41,311.44,1781.1,44.58,230,6.6,13.93,1,Tool Wear Failure
80,296.1,308.83,1416.5,65.39,19,6.01,1.31,0,No Failure
81,303.2,314.36,1641.2,65.89,128,5.43,2.29,1,Power Failure
82,300.92,312.88,1245.1,82.38,73,3.46,3.04,1,Power Failure
83,298.14,311.12,1494.1,70.99,94,4.53,1.27,1,Power Failure
84,295.6,308.09,1456.4,70.48,43,5.73,1.69,1,Power Failure
85,297.95,312.89,1556.3,61.47,139,4.56,5.36,1,Power Failure
86,298.09,308.77,1407.6,67.73,230,5.74,4.27,1,Tool Wear Failure
87,301.93,315.41,1467.1,75.15,121,6.32,2.04,1,Power Failure
88,301.06,313.08,1706.5,44.54,20,6.66,2.5,0,No Failure
89,303.43,315.57,1390.8,60.69,149,4.03,2.78,0,No Failure
90,299.49,313.07,1100.0,62.27,82,8.14,3.74,0,No Failure
91,296.14,309.6,1937.4,57.04,205,6.42,3.94,1,Tool Wear Failure
92,301.78,316.73,1845.4,67.39,104,5.5,3.86,0,No Failure
93,302.23,312.87,1176.9,62.49,46,6.81,1.79,0,No Failure
94,300.33,310.85,1672.4,34.65,46,8.34,2.71,0,No Failure
95,302.32,315.95,1374.3,60.39,185,3.77,4.97,0,No Failure
96,299.69,312.58,1565.9,69.82,64,5.23,9.67,1,Power Failure
97,299.97,311.34,1573.6,65.91,184,2.65,2.66,1,Power Failure
98,299.06,309.46,1441.4,67.45,49,5.73,1.59,1,Power Failure
99,295.24,305.67,1304.1,63.12,77,5.94,1.25,0,No Failure
100,296.02,310.5,1327.4,52.66,112,5.45,3.88,0,No Failure
101,295.3,306.26,1271.0,71.73,226,4.71,0.53,1,Tool Wear Failure
102,301.05,312.66,1292.0,57.82,224,3.04,3.91,1,Tool Wear Failure
103,297.99,309.12,1483.2,84.18,50,5.95,3.96,1,Power Failure
104,299.83,311.61,1321.1,71.28,86,7.25,1.64,1,Power Failure
105,303.62,313.97,1670.5,52.78,36,4.79,2.99,1,Power Failure
106,297.37,309.96,1871.8,48.45,122,6.03,2.1,1,Power Failure
107,298.9,309.24,1355.0,63.97,111,3.62,0.71,1,Power Failure
108,302.18,316.18,1559.9,58.41,216,6.05,3.71,1,Tool Wear Failure
109,297.17,308.34,1624.9,70.67,223,5.03,3.48,1,Tool Wear Failure
110,295.73,308.43,1618.0,61.5,92,4.59,1.75,1,Power Failure
111,297.75,312.15,1519.0,54.3,118,4.59,9.57,0,No Failure
112,296.53,309.79,1685.7,77.19,215,5.03,2.51,1,Tool Wear Failure
113,303.83,316.5,1620.6,60.08,194,5.96,0.5,1,Power Failure
114,302.68,314.3,1190.6,75.88,1,3.93,5.15,0,No Failure
115,301.02,312.68,1717.3,51.57,77,5.02,4.36,0,No Failure
116,303.28,316.63,1721.8,61.19,101,5.45,4.72,1,Power Failure
117,302.63,317.61,1309.2,68.93,55,4.18,1.03,0,No Failure
118,296.77,310.08,1509.5,42.91,48,7.66,2.94,0,No Failure
119,303.48,316.27,1670.8,78.74,9,4.48,2.48,0,No Failure
120,300.12,313.78,1447.7,75.95,154,4.7,2.18,1,Power Failure
121,302.67,315.0,1768.2,52.66,63,4.33,6.09,1,Power Failure
122,303.51,313.81,2091.0,39.16,13,7.66,2.54,0,No Failure
123,298.02,310.83,1303.5,69.41,55,6.16,1.8,1,Power Failure
124,296.05,310.83,1154.7,69.77,192,4.38,1.79,1,Overstrain Failure
125,297.17,308.04,1576.0,64.04,204,6.83,0.96,1,Tool Wear Failure
126,299.06,312.51,1680.4,60.31,116,5.74,2.73,1,Power Failure
127,302.77,313.78,1442.3,68.22,100,5.81,6.41,1,Power Failure
128,303.18,315.86,1863.3,69.21,235,5.09,1.92,1,Tool Wear Failure
129,295.07,305.55,1165.3,74.37,48,4.6,3.06,0,No Failure
130,299.85,312.1,1673.2,48.04,52,5.91,2.15,0,No Failure
131,298.97,312.75,1348.5,78.65,70,4.85,2.34,1,Power Failure
132,297.11,308.85,1929.8,69.81,41,7.68,4.49,0,No Failure
133,296.14,309.46,1998.1,83.56,91,3.98,0.95,1,Power Failure
134,298.21,312.18,1308.3,54.6,219,7.34,0.59,1,Tool Wear Failure
135,303.96,318.59,1362.6,67.18,148,5.37,5.16,1,Power Failure
136,298.07,309.24,1714.9,36.88,99,5.86,1.6,0,No Failure
137,299.93,311.93,1403.2,69.47,224,6.5,1.82,1,Tool Wear Failure
138,301.68,312.44,1488.6,56.75,12,4.74,10.93,1,Overstrain Failure
139,298.45,313.42,1506.3,81.11,50,6.54,4.34,1,Power Failure
140,304.23,318.87,1100.0,62.25,136,2.25,1.17,0,No Failure
141,304.14,316.84,1496.5,45.18,148,4.64,5.41,0,No Failure
142,297.39,311.6,1327.6,60.74,9,4.39,4.41,0,No Failure
143,299.72,312.33,1376.7,44.71,97,4.0,0.5,0,No Failure
144,297.86,310.98,1860.9,62.29,156,5.24,2.81,0,No Failure
145,297.71,308.15,1185.9,47.63,168,5.96,1.0,0,No Failure
146,295.35,309.13,1703.3,58.22,153,6.34,2.33,1,Power Failure
147,300.79,311.43,1430.3,42.62,77,5.79,9.69,0,No Failure
148,299.78,313.91,1430.1,60.2,22,4.7,4.63,1,Power Failure
149,295.49,309.4,1697.6,74.48,103,5.94,5.06,1,Power Failure
150,297.65,311.19,1585.0,63.91,31,5.65,2.15,1,Power Failure
151,303.63,313.81,1642.7,50.51,227,6.62,5.08,1,Tool Wear Failure
152,297.28,308.79,1742.0,56.85,114,6.43,1.35,0,No Failure
153,296.38,307.69,1417.2,63.84,76,5.54,2.78,0,No Failure
154,299.65,311.45,1346.9,69.79,184,4.42,4.48,1,Power Failure
155,304.36,314.8,1228.7,53.76,120,4.72,4.39,0,No Failure
156,297.3,311.98,1293.6,72.05,74,4.84,0.63,1,Power Failure
157,301.39,314.15,2237.3,20.21,195,5.12,8.33,0,No Failure
158,302.24,313.76,1811.2,49.48,208,5.82,1.13,1,Tool Wear Failure
159,297.26,309.24,1162.2,63.87,162,6.36,12.21,1,Overstrain Failure
160,301.92,314.15,1169.4,74.95,11,5.44,4.57,0,No Failure
161,298.49,311.5,1620.5,59.82,136,5.52,4.3,1,Power Failure
162,301.01,313.59,1636.8,45.21,183,5.67,1.22,0,No Failure
163,301.02,315.62,1637.2,49.41,33,4.88,1.66,0,No Failure
164,300.09,312.57,1436.3,65.26,55,4.39,7.89,0,No Failure
165,295.86,310.82,1468.6,61.84,212,3.39,7.22,1,Tool Wear Failure
166,302.94,317.19,1582.0,54.57,5,4.67,2.2,1,Power Failure
167,298.05,309.09,1521.5,56.76,181,6.07,2.06,1,Power Failure
168,296.77,311.42,1100.0,76.96,114,4.66,2.11,0,No Failure
169,295.39,305.97,1442.6,57.97,107,5.21,5.43,0,No Failure
170,300.61,314.7,1287.1,65.38,2,6.06,5.08,0,No Failure
171,301.44,313.34,1543.8,82.82,197,6.12,3.33,1,Power Failure
172,295.16,309.55,2246.3,32.84,86,4.2,2.8,0,No Failure
173,299.86,314.21,1591.9,41.64,130,6.7,2.18,0,No Failure
174,297.15,311.18,1421.6,71.4,163,6.85,11.58,1,Overstrain Failure
175,301.13,315.08,1730.5,50.6,169,4.14,0.71,1,Power Failure
176,296.66,308.18,1620.7,56.4,229,4.51,1.84,1,Tool Wear Failure
177,301.56,311.97,1605.0,52.09,128,6.93,3.16,0,No Failure
178,298.67,310.69,1651.7,56.37,96,5.32,0.57,1,Power Failure
179,303.9,314.77,2014.1,67.7,229,2.84,1.57,1,Tool Wear Failure
180,296.31,309.78,1217.3,75.68,154,3.82,9.61,1,Power Failure
181,298.24,309.97,1618.4,68.25,72,5.2,4.84,1,Power Failure
182,296.08,310.96,1268.4,52.47,30,4.1,1.56,0,No Failure
183,303.78,316.99,1638.9,47.71,202,5.0,1.52,1,Tool Wear Failure
184,303.33,317.45,1270.3,38.2,87,5.54,0.71,0,No Failure
185,297.45,308.11,1395.7,55.99,159,7.25,1.75,0,No Failure
186,301.27,315.58,1426.2,73.04,113,5.15,3.77,1,Power Failure
187,302.76,317.38,1744.0,62.29,48,6.79,3.32,1,Power Failure
188,300.27,312.71,1729.6,55.19,144,7.21,1.82,1,Power Failure
189,300.03,313.06,1188.6,68.01,15,7.22,1.11,0,No Failure
190,297.3,311.12,1513.7,54.84,99,5.84,2.16,0,No Failure
191,295.88,306.76,1322.6,67.6,131,3.14,2.12,1,Power Failure
192,303.52,316.04,1185.4,75.95,105,6.05,4.42,0,No Failure
193,303.55,315.55,1445.7,46.93,180,6.76,2.97,0,No Failure
194,301.01,311.75,1422.9,66.54,199,5.4,2.68,1,Power Failure
195,298.22,310.06,2106.7,59.19,185,7.59,5.76,0,No Failure
196,298.32,308.66,1608.2,55.68,9,6.53,7.17,1,Power Failure
197,301.9,312.03,1155.6,75.9,47,6.18,3.29,1,Power Failure
198,303.52,314.2,1358.8,90.0,129,6.8,3.35,1,Overstrain Failure
199,303.43,318.24,1755.3,55.85,224,5.9,2.28,1,Tool Wear Failure
200,302.41,315.16,2022.1,55.49,200,2.51,1.2,1,Tool Wear Failure
201,301.1,315.93,1103.5,62.55,202,4.9,4.67,1,Tool Wear Failure
202,295.8,307.96,1100.0,71.81,73,6.94,4.05,0,No Failure
203,296.54,308.09,1967.7,57.25,103,4.53,2.43,1,Power Failure
204,303.54,316.07,1597.4,62.0,113,5.23,2.98,1,Power Failure
205,300.76,312.96,1282.9,56.14,38,4.25,5.5,0,No Failure
206,295.09,305.62,1633.7,61.39,7,7.64,6.14,1,Power Failure
207,295.96,309.17,1100.0,84.62,227,7.52,0.5,1,Tool Wear Failure
208,301.3,312.38,1500.8,66.47,58,4.44,1.47,0,No Failure
209,295.05,308.15,1582.0,69.98,58,5.68,2.42,1,Power Failure
210,296.53,309.78,1731.1,55.01,20,4.68,0.96,0,No Failure
211,300.21,310.97,1246.5,74.57,223,6.24,3.04,1,Tool Wear Failure
212,301.57,311.88,1521.4,64.36,139,6.11,1.54,1,Power Failure
213,301.19,315.1,1268.6,57.12,160,6.47,3.12,0,No Failure
214,297.13,309.43,1563.8,63.91,219,5.9,1.58,1,Tool Wear Failure
215,301.77,312.06,1276.2,56.56,83,9.02,1.64,0,No Failure
216,297.25,312.23,1398.0,57.71,149,4.27,3.1,0,No Failure
217,298.09,308.38,1251.0,68.87,9,3.45,4.81,0,No Failure
218,302.09,315.57,1662.8,61.72,45,5.03,3.89,1,Power Failure
219,301.17,316.09,1714.6,45.82,199,3.62,2.44,0,No Failure
220,303.07,314.26,1441.3,73.71,184,3.71,0.5,1,Power Failure
221,301.25,311.96,1509.6,67.53,84,4.3,1.6,0,No Failure
222,300.4,311.01,1137.9,62.2,90,4.39,1.46,0,No Failure
223,295.89,307.41,1425.1,48.12,128,4.35,4.23,0,No Failure
224,298.49,309.0,1487.4,60.8,0,6.12,2.82,0,No Failure
225,297.52,310.98,2155.2,44.44,58,4.89,2.9,0,No Failure
226,297.32,307.63,1222.0,68.69,50,5.28,1.25,0,No Failure
227,304.24,316.79,1866.0,51.05,60,6.57,6.31,0,No Failure
228,298.73,313.72,1749.2,36.94,193,4.58,2.88,0,No Failure
229,303.47,317.54,1570.2,56.71,67,5.18,1.19,1,Power Failure
230,301.0,314.07,1939.7,50.15,46,5.94,1.27,1,Power Failure
231,302.55,314.08,1593.0,66.48,121,3.17,3.2,1,Power Failure
232,299.78,312.89,1597.3,53.07,208,2.64,1.15,0,No Failure
233,300.48,313.12,1486.7,79.05,58,5.92,1.47,1,Power Failure
234,299.68,311.81,1805.9,36.77,19,6.09,0.92,0,No Failure
235,296.85,307.51,1774.1,69.63,86,7.98,4.2,1,Power Failure
236,301.86,316.3,1343.6,62.89,179,5.69,1.17,0,No Failure
237,297.67,309.92,1170.2,77.19,132,6.48,7.01,0,No Failure
238,295.23,306.2,1449.3,63.81,196,5.27,3.5,1,Power Failure
239,301.13,312.97,1300.0,77.4,230,5.86,0.91,1,Tool Wear Failure
240,296.68,308.75,1484.1,58.44,190,7.5,3.86,1,Power Failure
241,303.93,318.07,1809.4,44.83,145,2.95,6.31,0,No Failure
242,304.06,317.73,1385.7,78.49,118,6.0,2.36,1,Power Failure
243,303.69,317.54,1489.3,61.08,10,8.06,6.82,0,No Failure
244,298.52,308.57,1514.5,63.93,236,5.84,3.54,1,Tool Wear Failure
245,295.15,307.23,1712.1,70.11,92,7.48,1.54,1,Power Failure
246,303.82,316.23,1100.0,59.68,37,4.74,9.71,0,No Failure
247,299.07,309.16,1348.3,70.99,160,5.46,0.69,0,No Failure
248,304.18,315.48,1552.8,55.04,68,5.54,1.93,0,No Failure
249,304.15,317.96,1800.0,54.68,141,2.84,2.44,0,No Failure
250,303.1,313.79,1377.0,65.18,141,4.1,8.64,1,Power Failure
251,297.8,310.47,1100.0,55.0,107,4.18,4.27,0,No Failure
252,298.66,309.73,1654.9,51.11,201,6.49,3.78,1,Tool Wear Failure
253,303.09,313.15,1341.2,78.69,64,6.55,1.34,1,Power Failure
254,298.01,309.22,1202.6,76.81,108,5.89,2.29,1,Power Failure
255,296.61,311.49,1343.9,64.5,129,6.49,1.57,1,Power Failure
256,300.29,314.3,1453.9,65.35,159,5.3,3.69,1,Power Failure
257,303.89,318.69,1348.8,62.08,188,6.94,5.65,1,Overstrain Failure
258,301.61,314.05,1100.0,83.57,95,5.51,11.17,1,Power Failure
259,300.42,310.96,1724.3,55.51,155,5.57,1.72,1,Power Failure
260,295.92,308.66,1818.7,57.94,36,5.18,0.67,1,Power Failure
261,300.84,313.11,1662.9,70.2,224,6.32,1.95,1,Tool Wear Failure
262,304.41,318.63,1215.6,59.91,92,4.99,5.13,0,No Failure
263,296.33,306.82,1449.6,78.6,175,6.67,1.2,1,Power Failure
264,299.92,312.37,1498.4,46.73,5,4.14,2.51,0,No Failure
265,303.34,314.09,1649.7,75.3,49,4.18,3.81,1,Power Failure
266,302.04,313.66,1667.1,54.93,117,6.32,1.75,1,Power Failure
267,301.62,315.31,1316.5,63.24,211,5.39,2.98,1,Tool Wear Failure
268,301.67,314.05,1520.5,42.69,127,4.96,1.1,0,No Failure
269,298.42,310.29,1614.3,55.17,223,6.57,5.92,1,Tool Wear Failure
270,297.79,309.76,1864.0,44.32,116,4.77,2.07,0,No Failure
271,302.69,314.99,1676.1,52.4,118,5.26,2.91,1,Power Failure
272,302.7,316.62,1697.3,56.68,29,7.18,0.5,1,Power Failure
273,303.24,317.7,1521.0,71.16,193,7.35,0.96,1,Power Failure
274,303.68,318.45,1852.6,57.02,59,7.39,5.01,1,Power Failure
275,299.86,313.79,1602.4,63.03,216,5.16,1.73,1,Tool Wear Failure
276,299.76,311.34,1284.7,55.35,219,6.98,1.15,1,Overstrain Failure
277,302.58,316.02,1850.8,46.18,226,4.36,0.62,1,Tool Wear Failure
278,301.17,313.36,1674.5,76.5,125,4.41,5.84,1,Power Failure
279,301.67,312.94,1389.2,56.86,163,2.68,4.14,0,No Failure
280,302.56,316.76,1380.1,80.96,187,7.51,3.95,1,Overstrain Failure
281,303.46,313.65,1574.1,58.09,31,4.46,7.44,1,Power Failure
282,298.21,312.72,1615.8,59.71,144,5.35,1.93,1,Power Failure
283,298.57,310.88,1549.3,71.72,8,4.41,0.68,1,Power Failure
284,295.89,309.08,1577.8,73.16,119,6.33,2.62,0,No Failure
285,300.49,313.79,1925.0,52.39,37,5.05,8.39,1,Power Failure
286,295.34,309.82,1767.9,52.76,44,3.93,2.66,0,No Failure
287,299.42,312.61,1547.7,60.49,88,6.03,5.55,1,Power Failure
288,300.16,313.22,1735.3,60.67,104,3.78,0.71,1,Power Failure
289,297.72,308.06,1241.9,76.08,150,4.5,1.32,1,Power Failure
290,300.61,313.2,1599.5,60.05,18,2.97,4.81,0,No Failure
291,295.29,306.04,1952.3,59.14,121,3.79,2.87,1,Power Failure
292,295.35,309.04,1445.5,79.47,44,5.71,2.32,1,Power Failure
293,302.81,315.38,1288.1,70.05,138,3.14,5.5,1,Power Failure
294,298.42,311.82,1337.0,68.38,153,3.72,4.76,1,Power Failure
295,296.21,306.42,1227.6,52.26,134,5.5,2.93,0,No Failure
296,299.96,310.39,1303.8,39.62,177,4.85,0.5,0,No Failure
297,302.31,315.9,1407.4,67.74,81,7.89,2.54,1,Power Failure
298,297.05,307.41,1148.6,68.08,184,7.7,3.47,1,Overstrain Failure
299,300.92,311.27,1503.9,56.77,104,4.46,0.5,0,No Failure
300,295.81,305.87,1725.6,59.92,116,6.17,3.38,0,No Failure
301,295.49,310.27,1273.1,65.93,156,6.4,5.67,0,No Failure
302,300.05,313.74,1879.8,65.68,4,4.78,2.53,0,No Failure
303,300.14,311.9,1627.7,60.31,157,3.71,1.03,0,No Failure
304,301.06,312.54,1757.6,49.38,148,5.49,0.5,1,Power Failure
305,301.9,313.65,1335.5,75.19,74,5.29,3.43,0,No Failure
306,304.27,318.14,1713.6,55.56,21,4.98,0.5,1,Power Failure
307,299.9,313.21,1227.0,72.73,22,6.03,3.93,0,No Failure
308,298.07,308.99,1722.6,52.77,222,4.6,8.13,1,Power Failure
309,302.55,313.42,1543.0,54.64,165,4.12,1.38,0,No Failure
310,297.57,308.06,1638.3,60.08,31,5.63,2.12,1,Power Failure
311,299.17,312.47,1206.1,68.01,86,5.96,8.43,0,No Failure
312,295.75,309.57,1276.2,71.27,142,4.09,2.77,0,No Failure
313,295.24,306.57,1649.3,56.33,201,6.61,1.75,1,Tool Wear Failure
314,304.15,314.25,1262.9,48.38,10,3.38,5.13,0,No Failure
315,302.94,313.35,1615.8,55.36,57,4.81,1.83,1,Power Failure
316,301.61,316.45,1158.2,76.77,214,5.19,1.3,1,Tool Wear Failure
317,298.89,310.36,1712.0,54.79,2,4.74,3.89,0,No Failure
318,296.65,310.49,1191.9,65.7,48,4.82,5.41,0,No Failure
319,296.49,309.61,1638.1,69.1,230,7.75,1.29,1,Tool Wear Failure
320,297.38,309.29,1656.4,51.75,147,4.48,2.95,0,No Failure
321,300.22,311.25,1325.8,50.06,63,8.43,2.19,0,No Failure
322,301.79,312.4,1645.5,57.48,16,6.02,2.48,1,Power Failure
323,301.27,314.35,1565.1,55.86,7,5.61,1.04,0,No Failure
324,297.66,311.53,1365.3,55.03,59,6.07,4.1,0,No Failure
325,304.07,317.29,1247.9,65.29,212,8.54,6.99,1,Tool Wear Failure
326,302.01,314.66,1100.0,74.92,100,4.31,1.26,0,No Failure
327,300.27,310.48,1587.4,60.16,173,4.16,4.1,0,No Failure
328,300.81,315.65,1108.8,72.89,220,4.59,5.05,1,Tool Wear Failure
329,298.99,312.98,1523.8,79.66,98,5.54,2.93,0,No Failure
330,297.35,308.82,1434.1,59.89,46,3.43,3.97,0,No Failure
331,298.38,313.28,1669.8,61.39,124,5.53,1.4,0,No Failure
332,302.2,315.21,1424.5,58.42,218,7.53,6.73,1,Tool Wear Failure
333,295.14,308.05,1417.6,55.18,193,5.68,5.44,0,No Failure
334,296.1,309.84,1683.0,52.49,16,5.15,5.87,1,Power Failure
335,295.44,309.5,1583.8,55.54,166,4.76,0.88,0,No Failure
336,295.39,308.67,1579.0,64.01,137,6.58,3.62,0,No Failure
337,303.13,313.77,1617.3,83.14,218,4.51,1.49,1,Tool Wear Failure
338,301.68,313.38,1116.1,62.52,29,7.72,7.12,0,No Failure
339,299.5,314.15,1689.2,54.05,128,7.82,1.29,1,Power Failure
340,295.93,307.05,1653.1,58.31,211,5.81,3.02,1,Tool Wear Failure
341,299.67,311.53,1245.8,71.04,98,5.49,0.5,1,Power Failure
342,299.5,311.66,1439.0,65.86,116,6.74,3.01,1,Power Failure
343,296.65,308.84,1490.2,75.04,17,6.81,0.89,0,No Failure
344,299.12,312.19,1466.4,38.41,67,4.53,3.76,0,No Failure
345,298.79,313.5,1583.5,36.46,78,4.87,2.24,0,No Failure
346,300.85,312.05,1857.8,49.88,227,3.91,1.87,1,Power Failure
347,301.03,311.64,1770.4,67.56,68,5.99,7.24,1,Power Failure
348,295.43,306.42,1171.9,52.9,111,6.3,10.15,0,No Failure
349,298.56,312.99,1655.5,28.81,161,3.88,0.65,0,No Failure
350,300.95,314.17,1832.2,61.07,39,4.95,1.92,1,Power Failure
351,299.78,311.21,1596.7,62.5,117,3.88,4.56,1,Power Failure
352,303.14,317.22,1772.7,45.64,177,4.42,3.32,0,No Failure
353,301.26,315.56,2003.1,42.08,208,6.16,4.39,0,No Failure
354,296.55,310.78,1755.9,47.18,150,4.62,2.37,0,No Failure
355,295.67,310.27,1562.3,61.86,161,5.14,5.6,1,Power Failure
356,301.1,312.36,1761.3,50.51,30,3.55,2.92,0,No Failure
357,295.25,309.03,1536.2,66.22,227,5.72,3.47,1,Tool Wear Failure
358,300.56,312.87,1506.0,33.33,32,5.45,0.89,0,No Failure
359,303.93,318.14,1412.1,55.19,186,4.63,2.7,0,No Failure
360,300.47,314.11,1890.9,42.92,64,5.27,4.6,0,No Failure
361,298.69,312.57,1295.4,63.53,224,5.72,3.19,1,Tool Wear Failure
362,301.11,314.39,1883.1,48.96,173,4.52,2.8,1,Power Failure
363,299.35,310.24,1625.0,67.48,181,3.73,3.62,1,Power Failure
364,300.18,312.91,1150.2,50.4,53,7.67,2.91,0,No Failure
365,303.94,318.87,1591.9,60.62,106,4.74,2.43,0,No Failure
366,298.67,313.35,1100.0,75.58,148,5.38,4.7,0,No Failure
367,304.13,314.35,1656.4,77.44,185,6.71,2.3,1,Power Failure
368,303.6,314.42,1721.3,52.76,25,9.73,0.84,1,Power Failure
369,296.86,307.52,1351.9,68.21,231,4.01,7.02,1,Tool Wear Failure
370,295.66,309.29,1530.9,43.34,214,6.04,1.53,0,No Failure
371,295.96,310.05,1988.5,28.31,65,4.65,0.62,0,No Failure
372,295.17,306.24,1373.6,72.98,197,4.85,3.95,1,Power Failure
373,295.9,308.43,1235.3,67.24,124,4.64,7.63,0,No Failure
374,301.49,315.69,1870.4,66.38,111,4.15,4.02,1,Power Failure
375,295.68,309.34,1990.6,38.45,75,5.45,6.36,0,No Failure
376,298.03,310.74,1500.9,67.18,139,3.73,1.16,1,Power Failure
377,303.03,315.98,1752.9,75.63,175,6.64,0.85,1,Overstrain Failure
378,295.22,307.76,1835.4,59.49,99,5.57,1.92,0,No Failure
379,302.74,314.23,1314.4,68.48,151,6.01,5.32,1,Power Failure
380,297.68,310.5,1378.7,64.51,168,4.94,3.77,1,Power Failure
381,296.12,309.57,1807.7,40.14,171,5.06,3.97,0,No Failure
382,301.62,315.99,1921.3,67.13,12,5.85,2.79,0,No Failure
383,300.97,314.16,1640.7,53.08,206,4.1,1.95,1,Tool Wear Failure
384,303.34,317.14,1280.0,71.44,110,5.07,2.89,1,Power Failure
385,301.98,312.78,1996.8,36.43,63,4.47,2.24,0,No Failure
386,302.63,314.94,1367.3,52.86,58,4.43,1.84,0,No Failure
387,297.68,307.73,1416.2,78.03,116,2.97,3.39,1,Power Failure
388,296.69,307.92,1585.6,56.82,213,7.11,2.08,1,Tool Wear Failure
389,302.13,315.76,1888.5,68.76,91,4.68,3.11,0,No Failure
390,302.66,317.62,1713.5,56.95,180,6.9,0.5,0,No Failure
391,304.41,314.91,1603.7,41.51,23,6.78,2.92,0,No Failure
392,298.92,310.93,1615.8,68.6,114,3.96,2.06,0,No Failure
393,298.53,312.53,1510.9,55.88,238,4.19,6.59,1,Tool Wear Failure
394,302.38,313.4,1639.5,66.2,185,8.57,0.59,1,Overstrain Failure
395,298.24,311.01,1100.0,70.25,51,7.6,2.76,0,No Failure
396,303.84,317.51,1425.8,48.05,120,5.46,4.63,0,No Failure
397,303.15,316.23,1560.3,62.44,56,5.81,2.31,0,No Failure
398,299.08,310.02,1212.2,89.72,98,4.74,2.01,1,Power Failure
399,302.13,313.91,1596.6,65.0,187,6.02,4.62,1,Overstrain Failure
400,302.17,316.09,1448.9,62.45,185,4.64,3.7,1,Power Failure
401,295.98,308.75,1938.9,63.98,55,3.06,3.9,1,Power Failure
402,303.57,313.6,1893.3,56.24,221,3.91,1.84,1,Tool Wear Failure
403,299.8,313.6,1383.5,66.42,142,5.53,1.66,0,No Failure
404,302.85,313.03,1462.3,51.84,91,4.14,3.11,0,No Failure
405,298.04,311.77,1481.5,64.71,120,5.42,4.89,1,Power Failure
406,303.51,314.52,1387.1,74.61,145,4.21,0.74,1,Power Failure
407,298.7,313.49,1548.8,52.66,134,4.56,2.38,0,No Failure
408,295.1,306.94,1310.4,80.04,117,6.52,1.72,1,Power Failure
409,303.6,315.24,1217.3,66.74,121,5.8,2.6,0,No Failure
410,295.87,306.61,1655.7,50.01,42,5.49,4.33,0,No Failure
411,298.03,309.56,1657.4,68.83,195,6.55,1.26,1,Overstrain Failure
412,304.03,318.41,1298.9,63.15,130,6.08,4.0,0,No Failure
413,304.03,319.01,1723.8,65.12,31,7.24,1.89,1,Power Failure
414,300.45,312.29,1342.1,62.24,184,4.95,5.43,0,No Failure
415,301.0,313.25,1563.3,60.14,224,4.98,1.33,1,Tool Wear Failure
416,299.26,312.87,1705.1,62.83,227,3.94,4.85,1,Tool Wear Failure
417,297.79,312.22,1491.6,65.08,89,4.99,0.82,0,No Failure
418,298.12,311.09,1613.7,39.77,33,6.66,2.96,0,No Failure
419,301.39,313.35,1370.9,53.37,124,7.06,4.06,0,No Failure
420,302.15,314.21,1450.9,72.28,27,6.65,1.36,1,Power Failure
421,302.52,316.0,1448.5,61.71,224,3.35,1.77,1,Tool Wear Failure
422,302.5,312.52,1313.4,60.5,44,6.8,2.62,0,No Failure
423,295.87,308.96,1455.8,49.3,61,3.29,2.0,0,No Failure
424,299.7,311.47,1112.8,58.95,98,6.58,1.63,0,No Failure
425,295.55,309.52,1377.2,44.24,92,5.06,4.67,0,No Failure
426,300.22,310.69,1428.8,62.41,191,6.34,5.81,1,Power Failure
427,299.19,312.14,1436.0,57.3,110,3.9,5.58,0,No Failure
428,303.43,315.84,1439.6,53.54,41,6.91,3.59,0,No Failure
429,298.33,311.55,1484.6,61.63,64,3.74,3.94,0,No Failure
430,296.11,306.44,1619.9,63.24,122,4.7,1.17,1,Power Failure
431,296.36,309.26,1718.6,78.56,35,4.3,2.44,1,Power Failure
432,302.23,315.04,1337.6,50.13,147,3.39,2.79,0,No Failure
433,300.87,313.68,1199.2,79.61,136,5.61,3.2,1,Power Failure
434,295.96,308.98,1239.5,76.94,172,7.67,3.16,1,Overstrain Failure
435,295.8,309.18,1378.2,56.65,225,8.7,2.63,1,Overstrain Failure
436,301.66,315.68,1412.0,65.79,219,5.62,3.56,1,Tool Wear Failure
437,295.69,307.04,1307.5,61.27,227,6.84,3.05,1,Tool Wear Failure
438,302.81,316.93,1176.0,70.34,59,5.78,3.05,0,No Failure
439,301.71,314.2,1386.0,79.37,32,6.1,1.44,1,Power Failure
440,295.77,306.16,1545.4,67.15,73,5.09,0.94,0,No Failure
441,295.81,306.1,1648.8,64.11,215,5.73,3.21,1,Tool Wear Failure
442,304.37,316.04,1360.6,60.48,233,6.14,1.83,1,Tool Wear Failure
443,298.56,312.48,1396.8,49.22,206,4.81,1.5,0,No Failure
444,298.52,312.06,1268.3,64.55,26,5.41,4.13,0,No Failure
445,302.72,316.66,1492.1,74.22,227,5.43,2.46,1,Tool Wear Failure
446,304.0,316.59,1287.9,50.97,102,6.49,6.38,0,No Failure
447,304.37,316.57,1643.3,48.58,2,4.22,3.83,0,No Failure
448,302.16,312.89,1100.0,71.26,106,5.44,1.37,0,No Failure
449,298.57,310.22,1410.1,53.95,11,7.79,4.17,0,No Failure
450,295.79,307.96,1575.3,52.57,131,6.9,3.44,0,No Failure
451,302.38,312.83,1546.0,56.84,81,7.12,1.32,0,No Failure
452,300.3,311.41,2173.3,34.88,114,5.53,1.65,0,No Failure
453,299.03,312.02,1587.5,50.51,147,5.89,4.03,0,No Failure
454,303.61,317.29,1249.0,74.05,209,6.7,0.5,1,Tool Wear Failure
455,296.06,311.05,1476.1,49.4,159,7.37,0.5,0,No Failure
456,299.68,314.35,1100.0,54.02,104,3.16,2.92,0,No Failure
457,295.11,308.32,1479.9,56.1,197,3.92,2.77,0,No Failure
458,299.45,311.56,1291.7,73.48,217,7.07,3.12,1,Tool Wear Failure
459,295.53,308.72,1728.8,55.45,29,5.17,2.77,0,No Failure
460,296.13,310.06,1362.6,60.1,128,4.69,3.53,0,No Failure
461,296.12,306.71,1470.8,63.03,68,4.0,5.86,1,Power Failure
462,301.17,313.22,1341.1,47.72,11,4.83,2.59,0,No Failure
463,302.09,316.29,1934.7,58.25,160,3.82,0.68,1,Power Failure
464,300.54,312.46,1419.7,67.44,207,8.01,0.5,1,Tool Wear Failure
465,304.14,317.0,1958.1,48.74,39,5.47,1.96,1,Power Failure
466,298.56,311.5,1703.5,67.99,195,5.43,2.0,1,Overstrain Failure
467,297.71,308.64,1620.5,48.31,205,6.21,0.8,1,Tool Wear Failure
468,303.25,315.06,1592.2,71.44,219,6.65,0.5,1,Tool Wear Failure
469,297.12,308.8,1598.4,61.58,64,6.64,1.85,1,Power Failure
470,304.15,314.28,1100.0,66.63,217,6.79,7.6,1,Tool Wear Failure
471,295.12,305.24,1430.3,63.2,77,4.74,3.43,0,No Failure
472,304.21,318.37,1711.3,56.7,133,5.14,3.22,1,Power Failure
473,295.41,306.78,1487.8,74.45,12,6.42,2.26,1,Power Failure
474,303.47,316.06,1148.7,58.26,11,4.87,1.96,0,No Failure
475,300.01,311.51,1486.9,54.64,173,5.49,3.68,0,No Failure
476,304.43,319.14,1926.0,63.84,107,5.98,0.89,1,Power Failure
477,295.7,307.0,1811.7,49.81,62,6.44,8.92,0,No Failure
478,300.26,312.41,1484.5,71.32,46,3.37,0.96,1,Power Failure
479,304.21,318.57,1737.9,74.24,161,6.36,3.91,1,Power Failure
480,299.97,314.18,1408.4,59.81,0,5.22,1.05,0,No Failure
481,300.98,311.91,1100.0,76.81,193,6.35,2.82,1,Overstrain Failure
482,301.61,315.62,1268.9,55.09,19,6.43,4.21,0,No Failure
483,299.32,311.61,1890.7,61.73,46,7.43,0.55,0,No Failure
484,300.96,313.38,1431.5,65.36,93,7.12,1.15,0,No Failure
485,300.55,311.22,1439.2,67.95,116,7.12,1.22,1,Power Failure
486,303.56,313.96,1425.0,57.04,85,7.23,2.09,0,No Failure
487,295.43,309.07,1976.0,35.87,77,5.85,3.09,0,No Failure
488,297.67,310.15,1906.5,58.9,231,5.54,7.7,1,Power Failure
489,304.03,316.21,2054.7,30.27,154,6.55,1.64,0,No Failure
490,303.46,317.11,1460.2,59.62,6,6.38,7.38,1,Power Failure
491,299.33,313.16,1573.9,69.93,103,5.13,3.34,0,No Failure
492,300.89,311.69,1120.8,71.5,210,5.99,0.93,1,Tool Wear Failure
493,297.64,310.69,1869.2,74.1,72,5.46,2.27,0,No Failure
494,296.79,307.46,1208.1,78.09,23,4.48,0.69,1,Power Failure
495,299.41,313.16,1554.2,54.38,182,7.05,1.96,0,No Failure
496,298.36,311.64,1225.7,67.76,145,5.57,1.86,0,No Failure
497,300.54,315.33,1352.8,64.47,137,7.96,2.86,1,Power Failure
498,295.74,306.08,1290.7,50.36,13,3.55,3.92,0,No Failure
499,304.26,314.54,1348.0,55.64,34,4.83,2.41,0,No Failure
500,304.37,315.78,1365.2,59.09,149,5.54,1.03,0,No Failure
501,301.63,312.94,1362.9,44.38,50,6.86,6.36,0,No Failure
502,300.09,311.33,1708.3,58.31,121,5.98,8.03,1,Power Failure
503,297.94,312.47,1223.8,65.03,131,5.87,2.23,0,No Failure
504,302.73,313.98,1555.1,44.17,68,4.15,3.23,0,No Failure
505,301.5,312.86,1804.5,59.95,228,4.11,2.13,1,Tool Wear Failure
506,296.54,310.34,1371.7,71.72,202,5.89,2.88,1,Tool Wear Failure
507,303.65,315.9,1320.5,67.86,173,3.86,2.99,1,Overstrain Failure
508,302.81,316.7,1442.4,59.91,19,4.86,0.81,1,Power Failure
509,304.02,314.35,1794.9,62.02,25,6.1,1.99,1,Power Failure
510,301.89,314.33,1548.5,67.83,118,4.32,5.14,0,No Failure
511,300.83,311.0,1367.2,67.73,39,7.43,4.84,0,No Failure
512,298.97,309.29,1621.0,51.33,235,6.97,1.96,1,Tool Wear Failure
513,303.86,318.39,1224.4,70.28,38,3.61,3.03,1,Power Failure
514,303.23,313.92,1670.3,70.55,117,4.38,2.08,1,Power Failure
515,295.43,308.09,1602.2,53.99,87,2.76,4.03,0,No Failure
516,295.25,307.31,1423.0,84.52,153,4.56,0.54,1,Power Failure
517,298.58,310.31,1290.4,60.94,31,6.42,3.68,0,No Failure
518,302.7,317.2,1278.3,66.76,103,5.0,6.65,0,No Failure
519,304.38,314.49,1633.7,52.6,66,6.05,1.43,0,No Failure
520,296.43,309.75,1807.2,58.09,213,3.67,6.06,1,Tool Wear Failure
521,300.64,315.46,1340.7,47.76,10,6.46,3.14,0,No Failure
522,298.62,311.42,1614.6,54.25,219,4.83,2.4,1,Tool Wear Failure
523,304.21,318.9,1100.0,59.08,200,5.51,1.95,1,Overstrain Failure
524,303.0,313.26,1353.8,66.28,71,5.39,6.2,0,No Failure
525,302.96,315.06,1492.2,72.1,189,3.97,2.09,1,Power Failure
526,299.45,310.75,1272.6,73.01,7,4.12,7.32,0,No Failure
527,298.94,312.59,1265.9,42.97,232,6.66,6.77,0,No Failure
528,297.6,312.5,1333.1,85.76,126,5.98,1.73,0,No Failure
529,295.54,306.82,1573.0,63.49,73,6.76,2.21,1,Power Failure
530,303.21,316.49,1453.2,55.17,87,5.89,0.5,0,No Failure
531,302.72,313.71,1100.0,71.57,16,5.67,2.46,0,No Failure
532,304.5,317.32,1100.0,71.76,237,3.43,2.7,1,Tool Wear Failure
533,304.47,316.79,1348.3,58.37,9,5.18,5.51,0,No Failure
534,300.28,315.14,1614.4,61.69,157,5.47,7.01,1,Power Failure
535,302.31,315.35,1100.0,63.93,106,7.84,4.29,0,No Failure
536,303.98,315.72,1375.1,60.46,228,6.32,5.21,1,Tool Wear Failure
537,303.07,313.64,1368.4,57.77,59,7.34,2.21,0,No Failure
538,297.35,308.11,1847.1,40.73,128,6.22,0.86,0,No Failure
539,299.28,310.41,1403.7,65.38,116,4.65,3.14,0,No Failure
540,296.23,307.48,1595.7,65.94,169,5.64,5.45,1,Power Failure
541,304.06,318.32,1535.3,66.44,16,5.78,0.5,1,Power Failure
542,300.76,313.56,1100.0,78.2,47,4.37,2.8,1,Power Failure
543,297.17,309.79,1692.1,61.4,51,5.04,0.5,0,No Failure
544,301.38,311.96,1553.8,55.6,177,5.25,1.33,1,Power Failure
545,300.87,315.17,1627.1,67.86,45,7.43,2.88,1,Power Failure
546,298.4,312.02,2481.6,28.79,138,3.0,7.09,0,No Failure
547,296.08,306.42,1100.0,60.99,52,6.95,2.59,0,No Failure
548,301.38,314.92,1931.2,43.73,207,4.38,4.1,0,No Failure
549,299.94,312.66,1428.1,74.24,226,3.85,3.12,1,Tool Wear Failure
550,302.34,312.75,1571.8,69.99,124,6.92,1.4,1,Power Failure
551,299.94,312.23,1488.6,67.1,85,6.38,3.57,1,Power Failure
552,303.1,315.52,1393.9,74.84,56,7.01,0.84,1,Power Failure
553,300.24,311.07,1357.5,56.06,12,6.46,2.56,0,No Failure
554,300.33,315.06,1582.4,63.84,64,7.97,6.12,1,Power Failure
555,303.33,317.58,1120.7,68.33,157,6.17,2.94,0,No Failure
556,298.83,312.18,1687.6,66.72,128,5.31,3.12,0,No Failure
557,296.27,308.58,1396.0,62.93,227,5.91,1.96,1,Tool Wear Failure
558,295.27,307.33,1217.5,63.8,95,6.99,0.59,0,No Failure
559,302.17,315.43,1387.5,69.66,167,4.56,2.14,1,Power Failure
560,300.89,313.62,1814.3,64.48,117,4.72,4.67,1,Power Failure
561,301.69,312.0,1366.2,57.99,123,5.13,3.41,0,No Failure
562,297.02,309.59,1589.6,59.6,64,2.97,0.89,1,Power Failure
563,296.3,310.33,1317.3,55.07,109,5.67,0.5,0,No Failure
564,295.14,307.43,1689.5,33.23,113,3.24,1.39,0,No Failure
565,298.33,308.59,1671.4,60.58,170,5.56,2.16,0,No Failure
566,300.6,314.54,1962.2,58.85,226,6.54,2.28,1,Tool Wear Failure
567,298.73,309.73,1456.1,65.5,79,4.93,2.31,1,Power Failure
568,299.16,310.45,1667.2,39.16,10,7.51,2.57,0,No Failure
569,303.59,314.41,1524.5,58.0,119,3.75,3.49,1,Power Failure
570,298.31,309.96,1824.0,33.34,131,6.93,1.85,0,No Failure
571,299.88,313.67,1320.3,79.29,40,6.31,1.13,1,Power Failure
572,302.44,315.04,1686.3,47.41,183,3.44,3.78,0,No Failure
573,298.77,309.79,1451.3,75.53,236,8.75,4.75,1,Tool Wear Failure
574,300.91,315.3,1484.0,71.78,227,5.42,1.62,1,Tool Wear Failure
575,303.19,317.59,1522.9,52.54,47,4.45,8.96,0,No Failure
576,304.02,318.37,1563.1,49.41,210,3.81,6.84,0,No Failure
577,296.4,307.59,1470.9,66.08,169,5.24,0.95,0,No Failure
578,303.8,316.06,1553.7,52.48,109,5.35,0.5,0,No Failure
579,299.68,314.6,1894.5,55.13,130,5.62,2.24,0,No Failure
580,297.45,311.31,1746.4,52.24,204,5.14,3.13,1,Tool Wear Failure
581,299.36,309.5,1717.3,39.84,115,6.26,8.88,0,No Failure
582,304.31,314.64,1386.1,41.97,90,5.03,8.68,0,No Failure
583,299.68,312.0,1277.7,68.71,118,3.18,4.11,1,Power Failure
584,298.12,312.67,1738.8,51.61,139,5.32,1.89,1,Power Failure
585,301.02,313.71,1719.0,52.09,45,2.66,5.67,1,Power Failure
586,297.28,309.77,1868.2,61.6,216,5.92,2.81,1,Tool Wear Failure
587,295.72,306.25,1349.0,76.75,162,4.32,0.77,1,Power Failure
588,296.22,309.51,1442.6,60.42,152,5.7,0.79,1,Power Failure
589,296.22,310.33,1100.0,66.59,24,7.08,1.9,0,No Failure
590,296.44,308.35,1401.9,68.96,145,4.36,5.05,1,Power Failure
591,296.32,310.2,1749.1,43.45,29,6.77,1.03,0,No Failure
592,301.09,315.91,1383.4,66.56,19,4.98,1.89,1,Power Failure
593,296.73,307.75,1660.1,64.32,127,7.6,6.8,1,Power Failure
594,298.28,310.9,1452.4,69.75,97,5.06,3.41,1,Power Failure
595,303.52,314.96,1581.0,41.01,141,4.49,3.7,0,No Failure
596,299.5,313.47,1213.1,60.12,21,6.32,5.17,0,No Failure
597,301.34,314.23,1521.3,52.79,103,4.98,1.92,0,No Failure
598,296.64,309.81,1100.0,71.0,42,4.49,7.1,0,No Failure
599,296.83,310.82,1453.3,67.74,237,4.93,4.19,1,Tool Wear Failure
600,295.39,307.37,1100.0,84.97,135,5.45,2.34,0,No Failure
601,296.6,311.18,1801.5,51.02,165,7.11,6.23,1,Power Failure
602,297.65,310.31,1694.4,53.14,78,3.18,4.07,0,No Failure
603,296.68,307.47,1616.7,71.16,23,5.53,2.53,0,No Failure
604,295.84,309.32,1880.3,57.36,234,6.25,3.78,1,Tool Wear Failure
605,296.15,310.11,1262.8,79.42,69,5.73,1.23,1,Power Failure
606,299.38,310.96,1936.8,56.15,102,7.07,5.69,0,No Failure
607,296.96,311.25,1733.0,45.77,156,5.41,8.78,0,No Failure
608,298.46,312.99,1440.9,49.85,6,5.28,0.56,0,No Failure
609,299.78,311.17,1783.9,40.81,194,6.21,1.61,0,No Failure
610,301.56,316.48,1223.4,74.15,129,5.62,1.49,0,No Failure
611,295.37,306.08,1293.9,78.01,67,5.03,4.38,1,Power Failure
612,302.59,313.6,1347.9,83.54,15,6.12,3.01,1,Power Failure
613,300.97,311.89,1367.8,73.08,39,4.72,1.82,1,Power Failure
614,295.78,310.25,1235.9,78.91,215,4.77,2.05,1,Tool Wear Failure
615,303.3,316.57,1805.8,50.08,165,4.87,1.68,1,Power Failure
616,303.75,314.51,1435.3,51.73,60,7.12,4.0,0,No Failure
617,295.58,307.78,1588.1,68.74,16,2.0,2.98,1,Power Failure
618,297.63,310.71,1357.4,69.03,166,5.97,1.97,0,No Failure
619,302.66,313.08,1100.0,71.07,137,5.54,1.71,0,No Failure
620,302.11,316.52,1567.5,64.52,97,3.48,6.3,0,No Failure
621,296.75,310.77,1100.0,73.23,87,5.87,5.59,0,No Failure
622,296.99,309.51,1482.8,75.18,52,6.07,4.04,0,No Failure
623,298.52,313.36,1157.9,81.79,161,6.21,5.19,1,Power Failure
624,299.6,311.69,1996.8,57.51,233,2.32,0.77,1,Tool Wear Failure
625,300.87,315.79,1727.8,65.9,42,7.14,1.02,0,No Failure
626,298.5,311.84,1526.4,66.61,143,4.61,0.92,1,Power Failure
627,299.39,312.57,1815.9,51.07,102,6.32,2.59,0,No Failure
628,302.1,312.93,1288.4,73.8,107,6.39,5.31,1,Power Failure
629,295.35,309.76,1635.9,45.34,61,4.45,1.84,0,No Failure
630,297.4,309.54,1550.0,71.54,198,6.29,5.81,1,Overstrain Failure
631,301.78,312.59,1566.0,48.73,116,5.04,1.6,0,No Failure
632,303.5,313.57,1818.1,58.5,130,3.01,2.32,1,Power Failure
633,299.86,312.66,1683.1,49.89,73,6.9,1.82,0,No Failure
634,300.06,312.69,1572.2,66.09,44,4.57,2.18,0,No Failure
635,296.02,309.61,1100.0,69.66,21,4.47,2.37,0,No Failure
636,299.25,313.7,1260.0,50.85,171,5.02,0.5,0,No Failure
637,300.06,310.46,1469.3,66.82,47,5.83,3.34,1,Power Failure
638,297.3,310.96,1523.3,55.75,166,5.43,2.33,0,No Failure
639,297.56,308.49,1217.4,76.46,94,6.16,7.09,1,Power Failure
640,298.58,312.88,2102.9,49.95,100,3.89,3.9,0,No Failure
641,295.19,309.29,1879.1,58.37,113,4.61,3.23,1,Power Failure
642,298.06,310.76,1650.5,49.41,88,5.36,6.82,0,No Failure
643,297.01,310.56,1518.0,55.75,24,7.78,6.36,0,No Failure
644,298.11,309.68,1446.9,58.47,74,5.36,7.31,0,No Failure
645,296.14,308.49,1262.0,75.33,159,6.8,1.69,1,Overstrain Failure
646,303.46,317.57,1519.4,78.39,160,5.55,0.9,1,Power Failure
647,300.64,312.94,1564.4,52.66,69,4.92,0.5,0,No Failure
648,301.45,313.24,1189.6,78.98,110,5.2,5.14,0,No Failure
649,302.5,314.97,1583.5,38.63,46,5.3,0.5,0,No Failure
650,299.74,313.88,1461.2,50.83,50,6.22,3.01,0,No Failure
651,295.83,307.5,1100.0,60.41,6,7.15,0.61,0,No Failure
652,300.1,310.97,1284.9,52.78,215,5.93,5.66,1,Tool Wear Failure
653,300.57,314.14,1396.6,48.23,51,6.92,3.68,0,No Failure
654,302.08,316.21,1971.9,56.69,55,4.34,5.64,1,Power Failure
655,299.1,309.6,1639.1,57.08,67,5.0,3.06,1,Power Failure
656,296.21,307.41,1166.1,72.47,31,4.63,1.13,0,No Failure
657,297.7,308.41,1621.5,66.47,153,5.88,1.78,1,Power Failure
658,298.45,310.19,1113.2,72.39,18,5.07,4.79,0,No Failure
659,301.14,313.39,1770.7,63.16,32,6.38,0.55,1,Power Failure
660,300.42,314.17,1382.2,63.66,155,4.38,1.66,1,Power Failure
661,298.38,311.64,1476.6,50.6,82,5.55,1.47,0,No Failure
662,304.37,317.48,1831.4,65.95,170,6.32,2.4,1,Power Failure
663,300.75,312.52,1178.2,62.54,134,3.02,3.99,0,No Failure
664,297.25,311.46,1150.7,59.63,61,8.05,5.54,0,No Failure
665,295.97,308.32,1354.1,63.14,156,5.16,0.72,0,No Failure
666,296.45,311.35,1759.6,47.68,28,3.07,1.2,0,No Failure
667,297.34,310.51,1120.2,65.42,129,5.69,0.81,0,No Failure
668,296.53,307.16,1100.0,73.44,105,5.54,2.47,0,No Failure
669,296.77,310.15,1387.2,67.74,64,5.4,0.91,1,Power Failure
670,297.71,309.33,1637.9,50.26,145,6.69,3.32,0,No Failure
671,296.65,310.08,1800.1,51.12,209,6.4,6.06,1,Tool Wear Failure
672,303.52,313.87,1384.2,75.06,240,5.86,0.5,1,Tool Wear Failure
673,295.76,306.64,1397.1,69.02,146,6.04,1.24,0,No Failure
674,299.98,314.26,1788.5,76.98,97,5.37,7.36,0,No Failure
675,298.9,310.03,1100.0,81.8,54,7.63,2.95,1,Power Failure
676,304.33,318.52,1402.9,75.39,62,3.72,1.69,0,No Failure
677,296.06,307.46,1547.6,47.17,115,5.67,12.61,1,Overstrain Failure
678,298.78,311.99,1612.3,67.39,88,5.58,2.04,1,Power Failure
679,304.21,317.68,1372.5,64.02,219,6.48,3.88,1,Tool Wear Failure
680,303.22,315.79,1508.6,56.32,88,4.49,1.29,0,No Failure
681,302.76,314.29,1100.0,71.68,90,3.41,1.09,0,No Failure
682,297.45,308.51,1335.4,74.74,92,5.69,4.04,1,Power Failure
683,296.62,306.79,1613.4,64.74,201,5.84,7.8,1,Tool Wear Failure
684,301.35,312.87,1254.4,58.13,156,7.29,1.75,0,No Failure
685,303.83,317.09,1514.7,69.13,147,3.98,1.02,1,Power Failure
686,300.29,314.98,1611.7,53.39,80,6.89,5.08,1,Power Failure
687,300.43,314.79,1414.4,65.88,196,8.34,1.76,1,Power Failure
688,297.66,311.49,1542.6,58.11,9,5.05,3.35,0,No Failure
689,302.31,316.25,1259.3,64.63,209,3.95,1.71,1,Tool Wear Failure
690,296.78,310.1,1448.3,70.7,123,5.01,1.95,0,No Failure
691,298.07,309.38,1652.6,48.55,96,5.52,1.2,0,No Failure
692,299.04,313.58,1539.2,80.67,119,6.18,4.12,0,No Failure
693,299.82,313.18,1353.4,46.72,160,4.79,3.42,0,No Failure
694,297.3,310.11,1556.1,54.9,3,7.37,3.34,0,No Failure
695,296.09,306.65,1678.7,62.13,209,4.16,1.41,1,Tool Wear Failure
696,300.8,313.04,1100.0,75.84,107,3.41,3.21,0,No Failure
697,297.74,310.04,1789.8,55.2,82,6.83,8.51,0,No Failure
698,300.52,314.84,1415.9,63.11,33,2.77,1.03,1,Power Failure
699,296.47,309.2,1606.4,63.98,105,5.26,1.3,1,Power Failure
700,299.57,311.47,1799.3,53.7,119,9.24,1.36,1,Power Failure
701,300.06,314.94,1157.1,82.79,97,5.49,2.76,1,Power Failure
702,295.49,306.05,1322.6,73.94,163,4.16,0.95,1,Power Failure
703,298.2,310.31,1427.9,72.17,101,5.43,3.68,1,Power Failure
704,296.28,306.49,1304.1,56.26,231,5.44,0.5,1,Tool Wear Failure
705,295.6,309.3,1933.7,52.53,144,5.69,4.48,0,No Failure
706,304.4,319.0,1285.8,63.28,194,6.29,3.29,1,Overstrain Failure
707,298.06,309.46,1361.1,54.72,26,4.25,8.38,0,No Failure
708,302.69,316.99,1551.1,64.58,95,7.53,1.07,1,Power Failure
709,297.42,308.88,1199.5,62.63,81,5.79,5.22,0,No Failure
710,301.47,316.03,1401.1,70.53,137,6.37,2.34,1,Power Failure
711,302.22,315.99,1579.4,49.71,207,4.75,1.99,1,Tool Wear Failure
712,300.66,314.68,1416.8,80.85,19,7.04,1.02,1,Power Failure
713,299.48,309.57,1476.7,53.5,17,5.19,1.73,0,No Failure
714,298.91,313.73,1367.7,66.84,204,5.83,1.79,1,Tool Wear Failure
715,298.31,311.95,1121.4,77.49,51,4.38,0.62,0,No Failure
716,303.83,315.35,1580.4,54.69,161,4.3,3.27,1,Power Failure
717,302.89,317.04,1938.7,61.75,130,6.33,2.96,1,Power Failure
718,304.17,315.58,1504.6,49.62,200,4.97,3.87,0,No Failure
719,296.18,310.54,1556.3,75.39,30,4.48,1.54,1,Power Failure
720,301.94,312.51,1673.2,58.68,31,4.73,4.6,1,Power Failure
721,303.91,317.43,1182.7,62.38,134,6.34,6.28,0,No Failure
722,296.72,309.43,1925.6,50.5,227,4.75,2.11,1,Tool Wear Failure
723,295.63,306.11,1550.6,69.08,100,5.36,1.09,0,No Failure
724,302.04,313.25,1908.0,48.0,78,5.52,2.65,1,Power Failure
725,300.46,310.52,1316.7,58.17,146,3.2,2.56,0,No Failure
726,303.0,315.34,1954.5,50.69,223,3.73,2.2,1,Tool Wear Failure
727,296.33,307.83,1693.8,46.35,201,5.9,3.88,1,Tool Wear Failure
728,302.56,315.55,1638.3,77.44,239,4.62,1.91,1,Tool Wear Failure
729,296.92,308.4,1558.5,55.17,5,6.77,1.01,1,Power Failure
730,296.55,308.05,1437.9,71.56,27,6.66,2.84,1,Power Failure
731,296.56,310.28,1800.1,58.09,146,6.36,4.01,1,Power Failure
732,302.74,312.98,1535.1,51.45,197,7.68,4.25,0,No Failure
733,301.32,315.83,1100.0,69.94,68,5.4,1.81,0,No Failure
734,299.97,314.23,1220.7,75.43,57,6.28,3.15,0,No Failure
735,298.41,311.75,1453.5,61.05,189,4.8,6.36,1,Power Failure
736,303.33,316.3,1577.5,72.38,14,8.44,5.33,0,No Failure
737,298.73,313.19,1485.9,72.5,89,7.88,0.57,1,Power Failure
738,302.76,313.68,1804.7,65.09,121,5.51,1.93,0,No Failure
739,299.17,309.57,1100.0,65.4,134,5.96,6.08,0,No Failure
740,298.58,309.78,1535.9,50.48,175,7.13,0.57,0,No Failure
741,299.4,313.37,1100.0,63.86,85,5.32,2.4,0,No Failure
742,297.86,308.04,1689.9,60.16,147,4.71,1.52,0,No Failure
743,302.1,315.02,1476.4,67.93,140,6.55,3.2,1,Power Failure
744,299.78,314.75,1604.9,38.19,131,5.59,0.5,0,No Failure
745,297.21,311.48,1284.0,66.24,154,5.72,5.69,0,No Failure
746,303.55,316.15,1819.9,57.18,62,4.5,2.5,1,Power Failure
747,298.65,308.97,1760.4,54.02,20,3.44,0.95,1,Power Failure
748,300.16,314.32,1645.9,72.0,29,5.78,1.34,1,Power Failure
749,303.61,316.61,1467.6,66.87,54,6.59,3.28,0,No Failure
750,300.93,311.5,1645.0,72.2,120,5.23,1.25,0,No Failure
751,296.11,306.58,1323.3,63.37,202,7.22,7.64,1,Tool Wear Failure
752,303.93,318.48,1713.9,67.1,168,4.66,2.28,1,Power Failure
753,300.96,314.31,1912.4,70.1,189,4.23,6.73,1,Overstrain Failure
754,298.18,312.33,1767.7,69.76,84,5.42,2.84,1,Power Failure
755,296.32,310.72,1317.6,54.73,97,5.4,4.12,0,No Failure
756,302.54,315.4,1590.4,57.66,94,6.42,3.95,1,Power Failure
757,300.89,313.48,1176.7,65.01,46,4.57,1.69,0,No Failure
758,300.07,312.22,1643.1,64.03,15,7.14,4.16,1,Power Failure
759,303.49,315.08,1612.7,66.61,142,7.86,1.81,1,Power Failure
760,302.49,314.66,1100.0,61.61,237,5.45,0.51,1,Tool Wear Failure
761,296.44,310.31,1209.6,68.49,40,7.0,2.12,0,No Failure
762,297.96,310.97,1429.2,43.22,11,4.23,0.82,0,No Failure
763,297.36,311.82,1424.8,77.92,187,6.79,1.76,1,Power Failure
764,302.07,314.28,1197.6,62.92,61,6.76,2.43,0,No Failure
765,295.32,308.35,1597.2,60.61,199,6.54,1.12,1,Power Failure
766,300.41,313.57,1562.9,57.65,169,5.48,3.75,1,Power Failure
767,302.24,315.2,1451.4,74.43,227,2.0,1.8,1,Tool Wear Failure
768,303.33,316.84,1311.1,37.4,98,4.73,0.8,0,No Failure
769,298.25,309.44,1762.2,56.59,159,4.75,1.14,0,No Failure
770,302.8,315.36,1913.9,52.66,112,4.33,2.71,1,Power Failure
771,296.05,306.57,1379.1,59.88,151,5.65,2.05,0,No Failure
772,303.04,314.96,1347.0,82.32,108,5.0,3.11,1,Power Failure
773,296.21,308.65,1622.8,50.67,45,4.51,2.73,0,No Failure
774,298.77,312.04,1410.5,71.51,122,4.23,1.04,0,No Failure
775,302.57,317.33,1465.2,66.26,127,4.64,1.49,1,Power Failure
776,296.42,309.43,1684.9,70.92,195,6.85,4.57,1,Power Failure
777,297.18,310.9,1100.0,63.33,177,4.71,1.21,0,No Failure
778,301.86,314.39,1829.6,48.08,159,4.88,6.83,1,Power Failure
779,301.84,315.01,1518.2,72.6,27,4.95,0.64,1,Power Failure
780,301.09,311.45,1397.1,68.31,173,5.91,4.47,1,Power Failure
781,301.59,312.86,1477.7,47.0,120,6.05,2.3,0,No Failure
782,300.16,311.97,1490.6,56.79,215,2.0,1.05,1,Tool Wear Failure
783,297.39,309.75,1100.0,73.86,221,6.73,2.66,1,Tool Wear Failure
784,298.28,308.51,1873.7,62.9,13,7.22,1.25,1,Power Failure
785,296.73,307.43,1510.3,55.0,197,4.24,1.58,0,No Failure
786,303.63,315.01,1610.8,30.64,9,4.33,1.83,0,No Failure
787,300.54,315.4,1737.9,62.47,88,4.96,4.22,1,Power Failure
788,298.81,310.46,1244.7,54.9,130,4.59,1.47,0,No Failure
789,299.39,311.8,1618.4,39.46,36,5.77,2.97,0,No Failure
790,304.0,314.98,1433.1,35.01,179,3.16,4.34,0,No Failure
791,296.46,309.51,1711.7,65.91,2,4.16,2.6,1,Power Failure
792,300.57,311.97,1100.0,71.29,40,7.35,3.31,0,No Failure
793,299.81,310.84,1475.2,60.24,139,4.39,2.42,0,No Failure
794,300.81,313.39,1349.3,78.9,171,6.99,3.69,1,Power Failure
795,295.17,305.2,1608.1,66.21,220,5.93,0.78,1,Tool Wear Failure
796,303.29,313.32,1617.5,75.81,169,3.33,6.43,1,Power Failure
797,303.86,314.95,1323.1,51.61,161,6.26,1.39,0,No Failure
798,300.37,310.55,1322.0,65.22,95,5.36,2.32,1,Power Failure
799,301.62,312.16,1472.3,46.39,0,4.95,0.5,0,No Failure
800,303.76,315.46,1275.8,64.19,29,5.79,1.64,0,No Failure
801,301.72,315.73,1710.5,55.3,128,6.07,3.06,0,No Failure
802,296.45,309.31,1407.7,70.11,162,6.35,7.02,1,Power Failure
803,300.47,313.04,1100.0,70.46,100,6.91,3.81,0,No Failure
804,300.76,312.23,1406.3,70.11,175,5.99,1.75,1,Overstrain Failure
805,299.03,313.69,1240.4,74.23,125,3.85,0.58,1,Power Failure
806,302.0,313.98,1100.0,90.0,18,4.93,5.94,1,Power Failure
807,303.88,314.31,1190.6,65.03,46,9.03,1.68,0,No Failure
808,303.79,316.88,1527.4,52.04,202,6.37,3.06,1,Tool Wear Failure
809,299.28,309.85,1832.2,57.82,174,8.34,1.75,1,Power Failure
810,296.08,307.8,1578.3,52.41,215,7.17,3.34,1,Tool Wear Failure
811,304.36,316.89,1348.4,79.85,28,5.79,5.76,1,Power Failure
812,302.97,317.34,1614.0,56.89,238,5.86,4.19,1,Tool Wear Failure
813,296.18,308.65,1385.2,58.64,50,5.46,2.02,0,No Failure
814,303.75,317.26,1326.3,60.76,3,3.41,6.04,0,No Failure
815,303.26,318.23,1211.4,74.96,239,5.52,8.06,1,Tool Wear Failure
816,299.93,310.59,1100.0,68.42,67,6.95,4.95,0,No Failure
817,300.62,311.99,1402.5,57.53,160,4.78,1.8,0,No Failure
818,298.79,310.76,1539.5,77.86,42,5.99,4.47,1,Power Failure
819,295.52,307.63,1475.8,53.92,139,6.52,4.92,0,No Failure
820,298.18,310.24,1396.0,64.44,217,4.41,2.05,1,Tool Wear Failure
821,302.63,317.17,1263.6,73.25,77,4.96,8.06,0,No Failure
822,295.04,308.61,1652.1,42.65,161,4.28,5.59,0,No Failure
823,298.17,311.21,1170.7,73.39,45,4.51,2.13,0,No Failure
824,298.78,310.33,1694.0,47.57,150,3.95,1.8,0,No Failure
825,300.11,314.22,1249.4,75.24,81,4.42,4.84,0,No Failure
826,303.74,318.51,1311.9,56.14,51,7.2,9.5,0,No Failure
827,298.29,312.4,1133.3,76.26,75,4.4,0.83,1,Power Failure
828,298.3,308.3,1374.6,75.57,43,5.65,3.46,0,No Failure
829,302.01,315.19,1743.8,65.74,216,4.9,4.42,1,Tool Wear Failure
830,299.3,309.55,1628.9,61.94,95,6.91,5.73,1,Power Failure
831,297.13,308.42,1744.6,54.79,59,7.07,4.45,1,Power Failure
832,299.3,309.6,1630.5,53.63,108,6.54,1.7,1,Power Failure
833,296.34,309.36,1224.1,82.23,77,5.87,0.74,1,Power Failure
834,296.68,310.11,1417.3,56.66,179,5.22,1.96,0,No Failure
835,299.73,310.31,1305.0,55.53,233,4.07,4.34,1,Tool Wear Failure
836,298.98,310.9,1832.6,62.0,105,7.83,1.55,0,No Failure
837,303.69,315.97,1200.8,60.02,207,4.59,6.34,1,Tool Wear Failure
838,298.44,310.29,1723.4,48.03,136,6.3,2.26,0,No Failure
839,300.52,311.12,1723.2,43.1,38,6.77,1.47,0,No Failure
840,301.01,313.1,1957.4,48.02,166,4.83,3.74,1,Power Failure
841,295.12,308.88,1397.6,63.22,123,6.75,2.09,0,No Failure
842,301.3,311.66,1678.1,60.87,156,6.42,1.76,0,No Failure
843,296.69,307.09,2070.4,60.1,214,7.57,8.76,1,Tool Wear Failure
844,304.13,315.9,1345.6,70.36,106,4.94,1.54,0,No Failure
845,296.41,311.12,1116.2,67.77,216,3.96,1.9,1,Tool Wear Failure
846,298.94,312.28,1100.0,68.02,180,4.89,3.78,1,Overstrain Failure
847,295.81,309.2,1678.2,63.54,117,5.75,6.28,0,No Failure
848,304.47,316.28,1100.0,82.73,145,5.57,3.53,1,Power Failure
849,299.77,312.74,1406.9,65.12,78,5.03,2.71,1,Power Failure
850,300.66,310.71,1609.3,55.12,236,3.21,9.43,1,Tool Wear Failure
851,295.64,308.82,1546.3,51.15,160,6.06,1.83,0,No Failure
852,302.12,316.69,1606.4,45.42,11,7.87,1.84,0,No Failure
853,296.99,310.06,1555.6,67.55,78,6.06,1.56,1,Power Failure
854,303.53,317.9,1819.7,61.39,150,6.23,3.37,1,Power Failure
855,296.95,310.57,1261.9,72.54,14,6.19,1.19,1,Power Failure
856,296.81,307.41,1330.8,64.1,6,5.98,0.94,0,No Failure
857,295.35,309.86,1306.8,79.93,108,6.62,1.9,0,No Failure
858,299.48,309.82,1707.5,53.01,80,5.97,0.55,1,Power Failure
859,300.37,313.04,1725.1,67.05,105,5.12,3.06,1,Power Failure
860,295.62,306.33,1612.8,59.36,63,4.54,3.38,0,No Failure
861,302.37,312.43,1795.9,50.0,40,5.2,3.8,1,Power Failure
862,299.31,311.42,1205.5,73.82,165,5.88,4.61,1,Power Failure
863,299.98,311.46,1916.8,57.76,123,5.12,1.94,1,Power Failure
864,299.19,311.62,1880.8,57.95,48,5.88,5.79,1,Power Failure
865,298.81,311.69,1683.9,59.13,77,6.03,5.41,1,Power Failure
866,300.32,310.54,1945.4,52.71,142,6.5,1.05,1,Power Failure
867,296.47,307.09,1100.0,90.0,17,7.04,2.43,1,Power Failure
868,296.73,309.52,1368.9,76.46,35,5.59,0.5,1,Power Failure
869,303.19,314.9,1316.2,72.9,18,3.93,5.85,1,Power Failure
870,303.99,317.63,1680.4,59.51,195,5.09,4.55,1,Power Failure
871,298.55,311.81,1237.5,77.32,181,5.55,6.77,1,Overstrain Failure
872,297.57,311.8,1689.4,63.39,181,3.3,0.63,1,Power Failure
873,301.12,314.58,1842.6,55.41,172,7.17,3.6,1,Power Failure
874,298.88,311.03,1673.8,55.49,161,5.67,1.65,1,Power Failure
875,295.24,308.61,1570.9,59.77,114,5.96,0.5,1,Power Failure
876,296.48,307.86,1253.0,35.24,154,7.14,5.03,0,No Failure
877,301.8,313.33,1288.3,68.34,9,4.74,0.85,1,Power Failure
878,301.26,315.2,1812.4,50.87,149,6.19,3.27,0,No Failure
879,295.26,307.49,1694.8,74.03,187,5.37,1.64,1,Overstrain Failure
880,297.11,311.1,1490.2,62.39,120,5.28,2.87,1,Power Failure
881,297.2,311.31,1395.5,52.2,86,4.57,4.66,0,No Failure
882,301.38,315.67,1100.0,69.5,67,7.5,2.88,0,No Failure
883,295.19,309.77,1232.3,56.89,154,5.05,1.17,0,No Failure
884,295.99,308.14,1977.9,57.18,166,6.34,8.9,1,Power Failure
885,302.6,314.19,1179.9,71.31,209,3.25,1.97,1,Tool Wear Failure
886,296.7,309.61,1547.4,70.63,82,6.92,1.39,0,No Failure
887,301.2,313.06,1751.9,49.05,185,6.76,2.37,0,No Failure
888,297.26,310.27,1186.3,68.61,135,5.62,0.65,0,No Failure
889,295.94,309.47,1546.2,47.43,212,5.23,1.49,1,Tool Wear Failure
890,297.31,310.75,1734.5,64.33,127,5.98,2.06,0,No Failure
891,301.86,313.73,1503.1,67.13,124,8.25,3.05,1,Power Failure
892,303.13,313.96,2217.1,52.62,139,3.38,2.63,1,Power Failure
893,302.89,315.04,1100.0,70.02,180,6.44,3.6,1,Overstrain Failure
894,298.77,309.49,1764.7,60.85,232,4.41,2.44,1,Tool Wear Failure
895,301.35,315.8,1456.8,78.91,18,5.48,5.37,1,Power Failure
896,296.95,308.68,1693.0,55.29,13,5.2,4.05,1,Power Failure
897,297.78,308.56,1610.3,61.18,225,4.99,3.41,1,Tool Wear Failure
898,303.52,313.64,1316.7,54.8,127,5.49,5.97,0,No Failure
899,295.12,308.35,1557.2,52.17,148,4.14,5.97,0,No Failure
900,295.81,309.0,1100.0,70.98,116,6.74,2.77,0,No Failure
901,296.97,308.68,1650.8,70.02,22,3.35,1.89,1,Power Failure
902,295.25,305.61,1574.5,57.95,184,6.15,2.97,1,Power Failure
903,296.72,308.77,1659.7,56.45,179,5.11,2.29,0,No Failure
904,300.54,312.09,1764.5,52.64,75,4.09,1.83,0,No Failure
905,299.0,312.39,1591.9,54.81,73,5.74,2.88,1,Power Failure
906,303.48,316.51,1537.0,64.21,201,3.63,3.33,1,Tool Wear Failure
907,302.77,314.59,1279.7,51.43,17,5.55,3.92,0,No Failure
908,298.25,309.34,1321.9,78.37,211,3.79,6.62,1,Tool Wear Failure
909,297.46,312.4,1796.7,49.41,62,6.05,3.09,1,Power Failure
910,298.61,310.88,1859.1,62.04,142,4.39,2.49,1,Power Failure
911,300.61,314.05,1440.5,50.49,225,4.96,4.94,1,Tool Wear Failure
912,297.55,308.25,1511.5,68.46,163,5.85,1.28,1,Power Failure
913,300.93,313.36,1273.8,73.24,99,4.57,0.56,1,Power Failure
914,298.89,309.03,1793.2,59.98,165,5.43,3.56,1,Power Failure
915,300.24,312.77,1666.4,48.73,83,3.68,1.96,0,No Failure
916,299.14,313.96,1985.3,54.79,67,6.26,2.08,0,No Failure
917,297.8,309.72,1280.4,54.56,239,7.62,1.25,1,Overstrain Failure
918,304.01,314.21,1405.5,61.36,180,8.85,5.63,1,Power Failure
919,302.25,312.41,1557.9,71.14,155,5.61,0.58,0,No Failure
920,296.33,308.27,1661.6,66.73,85,6.45,3.82,0,No Failure
921,303.25,314.05,1446.1,63.23,12,3.36,2.51,0,No Failure
922,299.63,309.75,1281.8,56.62,7,7.3,6.89,0,No Failure
923,303.5,317.28,1720.4,64.05,133,6.43,4.96,1,Power Failure
924,302.6,314.89,1680.3,58.59,183,4.92,0.97,1,Power Failure
925,299.04,310.49,1270.9,43.38,129,6.98,4.06,0,No Failure
926,295.21,309.71,1838.9,63.05,202,5.19,3.49,1,Tool Wear Failure
927,297.55,308.13,1792.5,55.91,8,4.95,2.37,0,No Failure
928,300.15,314.93,1533.6,73.35,88,6.07,3.84,1,Power Failure
929,301.02,312.59,1519.9,50.65,57,4.22,1.49,0,No Failure
930,297.45,311.89,1638.5,27.46,107,6.73,2.7,0,No Failure
931,296.32,309.34,1284.6,69.1,17,4.23,2.55,1,Power Failure
932,302.93,317.07,1507.5,64.77,229,4.24,1.31,1,Tool Wear Failure
933,304.35,319.27,1100.0,53.09,54,4.41,1.96,0,No Failure
934,299.99,311.44,1719.1,47.83,221,6.41,1.71,1,Tool Wear Failure
935,296.63,311.44,1109.6,90.0,102,4.76,3.33,1,Power Failure
936,297.59,309.53,1875.9,51.43,237,3.88,5.85,1,Tool Wear Failure
937,295.17,307.1,1417.5,70.96,133,4.77,0.78,1,Power Failure
938,303.69,315.39,1447.1,56.55,223,5.46,3.4,1,Overstrain Failure
939,296.12,308.83,1343.1,44.24,1,4.08,1.66,0,No Failure
940,300.48,311.25,1428.0,61.74,180,4.12,4.75,1,Power Failure
941,297.6,310.37,1854.6,52.25,217,8.03,3.37,1,Tool Wear Failure
942,300.26,312.97,1100.0,66.0,34,4.47,0.6,0,No Failure
943,301.19,315.0,1819.2,54.47,23,5.11,2.88,1,Power Failure
944,302.88,317.05,1584.5,62.95,102,5.06,2.28,1,Power Failure
945,296.96,309.16,1198.2,66.53,224,4.99,0.86,1,Tool Wear Failure
946,295.1,306.62,1231.2,54.74,130,6.25,1.67,0,No Failure
947,296.3,307.6,1919.1,58.48,127,6.64,2.79,1,Power Failure
948,303.55,314.52,1263.6,47.23,34,5.13,1.71,0,No Failure
949,303.3,313.59,1211.7,47.26,0,4.02,5.12,0,No Failure
950,300.68,312.39,1784.3,63.71,194,7.03,2.26,1,Power Failure
951,300.7,312.06,1584.6,65.38,21,5.39,1.58,1,Power Failure
952,301.32,316.15,1265.5,66.12,152,7.58,2.9,0,No Failure
953,296.67,309.45,1554.2,46.96,220,2.81,3.18,1,Tool Wear Failure
954,303.69,315.42,1243.6,60.05,50,5.73,4.78,0,No Failure
955,298.98,311.88,1775.2,53.87,160,7.8,2.63,1,Power Failure
956,298.64,309.34,1765.3,40.73,19,5.08,3.09,0,No Failure
957,299.93,312.15,1633.0,51.95,145,5.23,3.99,0,No Failure
958,295.45,308.58,1590.4,66.71,39,5.85,1.31,0,No Failure
959,296.58,309.02,1940.3,67.47,177,4.83,4.58,1,Overstrain Failure
960,302.01,314.02,1499.9,57.81,72,5.13,0.89,0,No Failure
961,295.79,310.76,1204.5,75.47,111,5.09,2.76,1,Power Failure
962,300.73,315.13,1612.4,40.61,144,4.75,2.8,0,No Failure
963,297.33,310.45,2021.5,58.16,41,6.97,2.75,1,Power Failure
964,298.7,311.55,1246.3,59.03,178,6.05,0.81,0,No Failure
965,297.74,310.85,1409.6,66.88,73,5.8,0.5,1,Power Failure
966,298.38,309.39,1604.1,57.44,159,6.47,2.02,1,Power Failure
967,301.83,313.81,1486.5,75.47,38,5.18,3.26,1,Power Failure
968,297.82,308.02,1254.4,58.17,165,4.57,6.41,0,No Failure
969,300.38,312.76,1780.5,62.67,31,4.78,3.29,1,Power Failure
970,299.52,312.24,2080.0,47.6,102,5.5,0.87,1,Power Failure
971,301.3,312.44,1549.0,59.44,59,4.23,2.11,0,No Failure
972,303.9,318.72,1274.0,64.68,180,4.9,2.21,1,Overstrain Failure
973,301.96,316.51,1112.8,61.29,63,4.88,5.81,0,No Failure
974,297.04,310.65,1564.5,60.57,212,8.05,3.36,1,Tool Wear Failure
975,295.3,307.96,1776.0,55.85,214,2.17,1.01,1,Overstrain Failure
976,297.49,311.84,1618.8,62.04,47,5.28,1.6,1,Power Failure
977,300.65,311.31,1499.4,62.86,147,7.57,4.27,1,Power Failure
978,295.49,309.44,1352.7,72.93,21,5.65,2.93,1,Power Failure
979,299.72,310.34,1227.0,76.7,94,6.4,2.51,1,Power Failure
980,300.67,314.64,1708.7,47.32,171,5.62,2.1,0,No Failure
981,298.18,309.55,1728.4,66.12,158,4.7,4.2,1,Power Failure
982,302.32,316.71,1113.6,57.87,150,2.81,1.85,0,No Failure
983,296.01,310.73,1897.5,59.93,68,5.75,1.55,1,Power Failure
984,295.71,306.46,1643.5,65.33,91,4.57,4.71,1,Power Failure
985,301.92,314.23,1849.9,35.89,25,4.54,0.5,0,No Failure
986,299.71,314.61,1164.5,69.64,173,4.9,0.98,1,Overstrain Failure
987,301.54,313.96,1158.5,64.14,121,7.59,1.35,0,No Failure
988,299.13,313.45,1462.8,55.16,170,8.39,4.93,0,No Failure
989,297.34,310.28,1625.7,72.99,60,5.76,2.81,0,No Failure
990,302.78,314.66,1949.1,46.48,78,4.94,0.92,1,Power Failure
991,302.59,314.02,1676.5,50.41,80,4.09,0.85,0,No Failure
992,301.6,312.62,1439.3,63.97,6,6.06,5.02,1,Power Failure
993,297.59,311.39,1243.4,73.99,82,7.64,0.85,1,Power Failure
994,300.61,312.54,1807.5,54.43,193,5.2,1.49,0,No Failure
995,298.43,310.99,1258.8,78.49,215,2.65,1.8,1,Tool Wear Failure
996,295.87,308.33,1907.1,59.17,124,6.3,3.61,1,Power Failure
997,303.71,316.6,1428.9,41.64,109,6.68,1.68,0,No Failure
998,296.3,310.63,1897.6,48.75,7,3.6,0.73,0,No Failure
999,304.03,318.93,1669.7,52.99,211,5.71,3.83,1,Tool Wear Failure
1000,299.24,311.27,1465.8,67.48,3,6.04,3.77,0,No Failure
1001,296.76,310.9,1370.2,38.35,227,5.41,6.89,1,Tool Wear Failure
1002,300.15,313.97,1414.8,89.19,117,4.55,3.01,1,Power Failure
1003,303.29,316.16,1607.1,65.17,82,6.72,0.82,1,Power Failure
1004,301.96,316.74,1519.3,63.1,222,5.02,6.67,1,Tool Wear Failure
1005,302.66,313.66,1351.5,76.78,6,3.72,1.8,1,Power Failure
1006,301.26,311.8,1458.6,86.26,140,3.04,4.45,1,Power Failure
1007,301.58,315.85,1519.6,70.31,132,7.01,6.52,1,Power Failure
1008,303.07,315.26,1100.0,79.49,53,6.24,2.66,1,Power Failure
1009,297.37,311.61,1614.5,61.02,103,5.61,2.43,1,Power Failure
1010,299.65,314.11,1255.1,65.48,157,4.97,3.02,0,No Failure
1011,297.1,307.41,1211.7,63.01,175,4.87,3.43,0,No Failure
1012,304.38,318.8,1100.0,61.74,0,4.21,4.96,0,No Failure
1013,303.97,316.21,1100.0,63.13,225,4.98,2.17,1,Tool Wear Failure
1014,295.37,307.93,1161.1,55.27,39,2.96,2.57,0,No Failure
1015,301.7,314.84,1322.7,64.79,56,4.62,1.63,0,No Failure
1016,303.79,318.42,1988.3,35.39,63,5.13,1.63,0,No Failure
1017,296.72,306.81,1368.5,66.54,9,6.23,1.19,1,Power Failure
1018,300.4,312.78,1544.4,60.75,30,5.45,1.72,1,Power Failure
1019,303.7,317.14,1600.1,61.47,237,6.45,1.07,1,Tool Wear Failure
1020,295.32,308.94,1532.8,56.12,76,7.12,4.58,0,No Failure
1021,301.63,315.09,1480.6,90.0,28,6.77,3.92,0,No Failure
1022,297.82,308.5,1201.2,81.58,26,6.06,2.3,0,No Failure
1023,303.78,315.28,1862.7,42.3,173,5.51,2.96,0,No Failure
1024,304.23,316.02,1951.8,55.29,205,4.32,1.19,1,Power Failure
1025,303.97,317.99,1100.0,63.92,62,6.39,2.42,0,No Failure
1026,299.51,310.9,1244.0,56.98,5,7.52,5.42,0,No Failure
1027,303.19,314.24,1430.0,50.0,54,5.91,5.29,0,No Failure
1028,303.02,317.81,1258.9,71.14,14,7.8,6.98,1,Power Failure
1029,298.03,308.08,1626.5,52.66,25,3.67,4.57,0,No Failure
1030,302.87,317.86,1317.9,75.32,104,4.12,3.15,1,Power Failure
1031,295.35,308.74,2041.3,61.11,55,6.53,4.41,1,Power Failure
1032,300.66,314.81,1797.6,69.79,124,5.82,0.88,0,No Failure
1033,297.19,308.66,1553.1,52.41,61,7.08,4.18,0,No Failure
1034,296.15,306.22,1756.7,61.62,226,5.48,4.68,1,Tool Wear Failure
1035,295.73,309.42,1776.5,62.8,217,4.46,2.39,1,Tool Wear Failure
1036,301.61,315.79,1359.0,60.08,136,5.24,2.59,0,No Failure
1037,298.23,311.93,1295.9,58.36,85,3.66,2.02,0,No Failure
1038,301.89,312.6,1519.5,77.7,91,4.15,2.33,0,No Failure
1039,295.62,309.39,1715.4,59.97,99,6.67,2.83,1,Power Failure
1040,298.0,311.84,1534.8,67.66,175,6.55,3.05,1,Overstrain Failure
1041,300.13,313.42,1105.8,61.66,108,5.94,1.21,0,No Failure
1042,302.51,316.34,1299.3,53.82,206,3.43,1.41,1,Tool Wear Failure
1043,298.03,312.26,1481.5,56.68,227,5.07,3.92,1,Overstrain Failure
1044,300.95,314.01,1481.1,61.14,81,4.03,3.26,0,No Failure
1045,303.42,313.86,1993.1,41.5,135,6.91,1.3,0,No Failure
1046,300.85,313.29,1153.5,68.83,23,4.8,2.25,0,No Failure
1047,297.21,307.6,1626.4,42.59,48,4.2,7.64,0,No Failure
1048,295.23,307.27,1872.3,43.35,99,5.54,0.5,0,No Failure
1049,303.27,315.3,2067.9,57.35,49,4.73,0.5,0,No Failure
1050,295.2,305.53,1398.9,70.06,210,7.28,0.5,1,Tool Wear Failure
1051,303.31,315.05,1622.9,55.62,38,4.62,9.62,1,Power Failure
1052,300.02,310.58,1642.4,48.97,109,3.82,0.98,0,No Failure
1053,303.92,317.96,1548.9,50.75,145,2.92,1.93,0,No Failure
1054,302.59,317.33,1475.3,58.76,166,5.46,3.7,0,No Failure
1055,304.48,314.84,1609.0,66.27,92,4.83,3.53,0,No Failure
1056,298.33,313.11,1100.0,79.28,209,3.79,2.04,1,Tool Wear Failure
1057,302.29,314.9,1670.5,53.62,136,6.93,6.23,1,Power Failure
1058,298.82,310.32,1531.5,49.83,105,6.3,4.29,0,No Failure
1059,299.56,309.94,1444.4,65.79,16,5.47,1.46,1,Power Failure
1060,300.96,313.46,2011.7,43.53,112,7.14,1.03,1,Power Failure
1061,303.3,317.27,1331.3,60.19,197,6.3,2.8,1,Overstrain Failure
1062,304.35,317.88,1399.2,77.27,147,4.51,4.43,1,Power Failure
1063,302.3,312.55,1997.9,60.31,200,4.25,7.75,1,Power Failure
1064,298.97,309.33,1292.0,67.74,119,6.48,3.14,1,Power Failure
1065,299.0,311.02,1362.5,52.03,28,5.98,1.86,0,No Failure
1066,302.01,313.48,1463.2,64.85,3,5.7,5.86,0,No Failure
1067,297.27,308.43,1710.2,68.42,73,4.48,5.33,1,Power Failure
1068,296.05,307.45,1552.0,57.2,168,6.23,4.26,1,Power Failure
1069,298.37,312.39,1176.8,81.97,190,4.59,0.85,1,Overstrain Failure
1070,297.73,312.37,1367.0,77.59,71,5.38,1.94,1,Power Failure
1071,297.81,309.84,1348.2,81.67,119,7.24,2.15,1,Power Failure
1072,297.22,311.75,1480.7,65.44,101,4.71,4.26,0,No Failure
1073,295.4,307.01,1606.5,65.74,99,3.61,0.5,0,No Failure
1074,295.17,307.55,1604.6,74.05,56,4.24,1.82,0,No Failure
1075,304.38,315.51,1100.0,74.47,33,6.69,2.53,0,No Failure
1076,299.06,312.27,1766.0,51.67,47,5.81,2.09,0,No Failure
1077,298.65,313.55,1563.1,56.25,13,5.35,7.22,1,Power Failure
1078,301.46,314.47,1846.1,57.46,48,4.89,4.99,1,Power Failure
1079,297.07,308.86,1611.0,46.87,2,6.08,4.98,0,No Failure
1080,304.02,317.26,1775.3,55.06,151,4.48,1.71,1,Power Failure
1081,302.47,313.08,1616.6,70.63,76,5.87,2.85,1,Power Failure
1082,295.85,310.29,1836.6,33.36,234,4.62,1.19,1,Tool Wear Failure
1083,298.97,311.48,1630.6,74.73,46,4.42,1.22,1,Power Failure
1084,303.35,315.6,1475.5,73.71,83,4.74,5.02,1,Power Failure
1085,303.97,316.9,2068.1,46.04,86,5.05,4.46,0,No Failure
1086,299.44,312.56,1722.3,62.99,2,5.44,1.11,1,Power Failure
1087,300.83,311.19,1643.4,59.16,201,5.78,2.72,1,Tool Wear Failure
1088,296.59,310.0,1180.9,80.68,8,2.0,0.6,1,Power Failure
1089,304.42,315.63,1177.9,78.27,226,4.53,3.66,1,Tool Wear Failure
1090,297.2,310.77,1573.2,46.54,214,5.03,1.09,1,Tool Wear Failure
1091,303.96,318.07,1536.4,67.15,129,7.31,2.72,1,Power Failure
1092,301.17,315.19,1346.5,63.01,130,4.2,7.6,0,No Failure
1093,300.77,313.54,1535.2,62.12,157,5.7,0.96,1,Power Failure
1094,299.87,312.47,1897.2,46.78,93,7.29,3.23,0,No Failure
1095,297.19,307.91,1673.9,76.0,155,3.92,2.43,1,Power Failure
1096,296.68,310.55,1214.7,78.11,11,5.97,0.89,1,Power Failure
1097,297.09,308.45,1472.1,55.16,13,4.54,1.37,0,No Failure
1098,296.77,309.25,1298.8,52.68,110,4.89,3.43,0,No Failure
1099,302.41,313.83,1403.1,60.08,132,4.54,2.12,0,No Failure
1100,298.33,309.0,1396.6,68.41,213,4.62,6.36,1,Tool Wear Failure
1101,295.55,308.7,1380.6,66.79,25,8.77,3.55,1,Power Failure
1102,304.21,314.48,1186.2,80.81,197,6.51,1.03,1,Power Failure
1103,303.4,317.14,1468.1,70.54,50,6.82,4.58,0,No Failure
1104,303.81,315.4,1359.8,74.5,95,6.09,4.97,1,Power Failure
1105,304.45,314.45,1100.0,73.27,76,3.57,3.07,0,No Failure
1106,296.65,309.21,2013.2,37.84,96,5.97,3.76,0,No Failure
1107,298.76,309.0,1772.2,54.6,36,6.79,3.04,1,Power Failure
1108,302.2,313.58,1405.9,74.48,121,4.48,5.73,0,No Failure
1109,301.61,315.15,1504.7,61.39,192,6.66,5.28,1,Power Failure
1110,296.46,306.78,1207.1,72.89,106,6.35,0.59,1,Power Failure
1111,302.75,316.95,1923.9,50.33,118,7.72,0.53,0,No Failure
1112,297.13,307.15,1974.3,42.22,204,5.0,2.15,1,Tool Wear Failure
1113,297.13,308.36,1539.2,59.98,169,4.18,4.39,0,No Failure
1114,300.1,313.81,1755.9,59.97,118,5.07,5.59,1,Power Failure
1115,300.63,312.21,1543.8,54.57,62,7.22,1.89,0,No Failure
1116,300.51,311.02,1165.8,66.33,212,3.31,2.11,1,Tool Wear Failure
1117,295.87,307.67,1397.0,54.66,138,3.02,1.98,0,No Failure
1118,303.34,314.69,1533.0,72.53,53,5.61,2.35,1,Power Failure
1119,297.52,311.74,1386.4,61.33,65,4.97,2.82,0,No Failure
1120,296.23,307.8,1445.3,77.62,193,5.51,1.73,1,Power Failure
1121,303.44,317.39,1477.2,77.74,11,6.63,1.97,0,No Failure
1122,304.08,318.54,1479.8,61.59,238,4.84,3.32,1,Tool Wear Failure
1123,303.19,315.36,1513.1,51.65,31,3.25,0.79,0,No Failure
1124,302.69,317.24,1234.8,46.44,191,7.95,8.08,0,No Failure
1125,301.22,313.11,1320.7,50.86,95,4.3,4.31,0,No Failure
1126,300.23,315.05,1178.9,54.68,118,4.23,6.17,0,No Failure
1127,295.83,306.27,1744.5,70.9,211,6.82,1.15,1,Tool Wear Failure
1128,298.88,312.32,1100.0,71.16,99,5.04,1.53,0,No Failure
1129,298.54,311.01,1788.4,60.13,129,5.42,0.5,1,Power Failure
1130,297.47,309.41,1846.6,32.86,12,6.08,2.59,0,No Failure
1131,301.87,315.04,1424.5,51.53,1,6.8,2.65,0,No Failure
1132,299.71,313.23,1100.0,78.87,59,5.1,3.08,1,Power Failure
1133,295.77,305.79,1409.7,66.67,163,7.32,0.5,1,Power Failure
1134,297.09,307.93,1484.0,60.85,29,2.94,2.44,1,Power Failure
1135,301.49,315.06,1247.4,72.7,27,6.41,3.2,1,Power Failure
1136,295.72,309.06,1371.2,80.93,99,4.49,3.57,1,Power Failure
1137,303.09,317.92,1882.5,52.14,155,7.15,1.58,1,Power Failure
1138,299.7,313.51,1666.2,59.37,171,5.67,8.88,0,No Failure
1139,299.57,314.32,1268.9,68.55,43,4.69,2.09,1,Power Failure
1140,300.63,314.14,1100.6,90.0,19,6.3,2.8,0,No Failure
1141,302.83,314.32,1418.2,42.64,226,6.57,1.91,0,No Failure
1142,298.3,308.83,1446.6,69.9,63,6.27,1.6,1,Power Failure
1143,301.44,315.35,1624.0,58.37,205,4.26,4.0,1,Overstrain Failure
1144,300.37,313.6,1366.2,70.34,207,4.92,0.51,1,Tool Wear Failure
1145,297.54,307.78,1627.9,52.87,185,5.5,4.18,1,Power Failure
1146,303.35,315.15,1983.8,51.83,41,5.45,2.75,1,Power Failure
1147,302.58,317.36,1703.9,65.04,197,6.4,2.18,1,Power Failure
1148,301.26,313.76,1488.0,90.0,185,3.08,0.84,1,Overstrain Failure
1149,303.08,315.24,1454.2,71.0,143,5.9,2.58,1,Power Failure
1150,303.24,315.53,1410.8,55.3,81,5.15,3.97,0,No Failure
1151,301.73,312.77,1795.2,51.86,63,4.49,2.84,1,Power Failure
1152,302.95,314.8,1343.2,60.6,29,4.61,2.38,0,No Failure
1153,301.63,313.48,1511.3,43.82,122,5.24,2.07,0,No Failure
1154,301.46,311.72,1512.8,58.44,140,2.0,1.75,1,Power Failure
1155,300.88,314.71,1374.6,71.84,86,4.66,0.91,1,Power Failure
1156,302.15,314.23,1156.9,56.12,114,4.45,3.92,0,No Failure
1157,296.51,310.62,1580.7,70.87,87,6.14,2.98,1,Power Failure
1158,303.37,317.62,1484.7,67.18,154,4.53,4.09,1,Power Failure
1159,303.28,314.34,1625.1,52.16,216,5.24,1.73,1,Tool Wear Failure
1160,295.28,308.56,1366.6,63.25,39,7.35,2.19,1,Power Failure
1161,302.85,315.21,1805.2,71.88,92,6.69,0.86,1,Power Failure
1162,296.22,310.63,1280.8,73.72,34,6.58,0.55,1,Power Failure
1163,298.18,309.26,1928.0,53.53,150,4.9,2.69,0,No Failure
1164,302.06,315.45,1100.0,67.62,175,6.15,0.5,1,Overstrain Failure
1165,296.53,309.57,1608.7,60.59,224,5.22,3.22,1,Tool Wear Failure
1166,302.77,314.25,1618.9,54.51,67,5.26,1.54,1,Power Failure
1167,302.91,313.59,1301.1,44.93,228,5.99,9.92,0,No Failure
1168,299.82,313.08,1606.1,80.3,15,4.78,2.55,0,No Failure
1169,295.06,308.75,1819.9,57.16,145,7.29,3.79,1,Power Failure
1170,297.73,309.3,1100.0,73.98,14,5.31,1.43,0,No Failure
1171,300.86,314.08,1625.7,58.91,215,6.24,5.46,1,Power Failure
1172,304.32,316.3,1100.0,62.65,127,7.25,5.76,0,No Failure
1173,301.0,314.57,1258.6,64.97,161,6.74,4.87,0,No Failure
1174,297.47,308.46,1907.3,37.86,200,3.81,8.72,0,No Failure
1175,301.02,315.47,1354.6,87.68,36,6.03,0.96,1,Power Failure
1176,300.13,311.57,1206.5,55.52,9,6.52,3.99,0,No Failure
1177,302.41,314.25,1450.5,52.67,211,6.57,1.31,1,Tool Wear Failure
1178,296.02,306.31,2017.0,47.26,76,4.16,1.0,1,Power Failure
1179,302.23,312.79,1100.0,82.88,31,4.71,2.44,1,Power Failure
1180,300.14,312.72,1237.2,67.4,112,6.69,3.0,0,No Failure
1181,304.15,315.49,1874.4,42.15,144,4.59,2.31,0,No Failure
1182,298.25,312.43,1964.4,65.25,7,5.14,0.76,0,No Failure
1183,301.01,311.08,1474.1,69.83,66,7.39,2.63,1,Power Failure
1184,303.85,315.75,1190.2,73.58,8,5.44,2.47,1,Power Failure
1185,295.97,307.66,2024.0,58.68,101,4.63,1.04,1,Power Failure
1186,303.9,314.0,1898.6,77.97,215,4.45,6.51,1,Tool Wear Failure
1187,301.53,312.16,1669.7,80.46,236,5.9,8.2,1,Tool Wear Failure
1188,295.64,307.71,1296.9,59.19,153,3.9,2.76,0,No Failure
1189,297.86,310.32,1487.7,78.48,39,5.2,0.5,1,Power Failure
1190,301.73,313.75,1459.9,66.63,217,5.9,2.49,1,Tool Wear Failure
1191,295.64,308.29,1582.7,65.34,124,7.06,5.27,0,No Failure
1192,300.53,313.51,1862.8,37.82,37,6.3,2.54,0,No Failure
1193,298.29,308.34,1719.9,55.9,221,4.64,2.29,1,Tool Wear Failure
1194,300.9,313.22,1230.7,59.26,182,6.91,4.04,0,No Failure
1195,295.43,310.25,1844.1,63.4,176,5.14,10.0,1,Power Failure
1196,303.28,315.87,1578.3,71.15,170,4.02,3.21,1,Power Failure
1197,304.25,317.64,1671.8,37.82,48,5.29,2.78,0,No Failure
1198,304.2,315.76,1866.6,54.45,51,7.23,6.07,1,Power Failure
1199,302.12,315.99,1222.1,78.78,165,5.7,3.5,1,Power Failure
1200,296.24,310.1,1491.0,60.31,53,5.52,7.55,0,No Failure
1201,302.2,314.81,1367.1,71.95,105,7.46,1.02,1,Power Failure
1202,295.23,310.11,1108.0,73.35,188,3.78,1.04,1,Overstrain Failure
1203,295.21,305.84,1586.7,63.68,188,3.96,1.23,1,Power Failure
1204,298.07,308.16,2127.9,46.73,109,3.56,4.65,0,No Failure
1205,299.64,313.49,1100.0,57.83,190,5.95,3.22,0,No Failure
1206,302.32,316.35,1491.9,50.95,201,5.7,2.04,1,Tool Wear Failure
1207,301.49,312.09,1660.1,65.89,157,7.35,3.24,1,Power Failure
1208,299.24,310.56,1530.8,61.58,55,5.79,5.14,1,Power Failure
1209,297.6,307.69,1471.7,61.18,66,5.02,1.96,1,Power Failure
1210,304.47,315.94,1175.2,64.26,76,5.5,4.27,0,No Failure
1211,299.05,312.91,1558.2,57.78,28,5.64,1.77,1,Power Failure
1212,299.29,311.88,1310.8,76.25,66,3.49,0.58,1,Power Failure
1213,296.55,308.29,1100.0,66.65,50,8.75,2.54,0,No Failure
1214,302.55,314.41,1798.6,42.62,109,6.12,0.5,0,No Failure
1215,301.59,311.6,1739.6,64.64,218,5.75,1.93,1,Tool Wear Failure
1216,297.1,308.6,1512.9,59.69,25,6.24,2.81,1,Power Failure
1217,295.78,309.01,1557.3,61.17,173,6.35,1.24,1,Power Failure
1218,301.46,316.34,1768.6,72.7,165,5.33,3.81,1,Overstrain Failure
1219,301.22,315.45,1556.1,60.67,23,4.74,2.08,1,Power Failure
1220,297.6,307.71,1726.0,60.37,221,6.22,3.89,1,Tool Wear Failure
1221,304.03,318.53,1425.6,51.7,136,5.96,2.47,0,No Failure
1222,296.44,310.35,1828.0,53.24,87,4.53,2.14,0,No Failure
1223,299.11,313.01,1580.2,66.49,182,7.2,1.25,1,Power Failure
1224,303.96,316.25,1548.5,45.48,62,5.85,2.57,0,No Failure
1225,298.99,310.98,1182.5,70.36,166,6.38,2.82,1,Overstrain Failure
1226,301.07,312.58,1571.7,61.57,10,7.17,3.27,0,No Failure
1227,298.78,309.11,1292.0,66.57,201,5.53,3.05,1,Tool Wear Failure
1228,297.61,308.75,1340.4,75.56,108,5.88,0.75,0,No Failure
1229,304.35,315.58,1296.2,69.42,153,6.47,4.99,1,Power Failure
1230,298.89,311.31,1233.4,82.11,53,4.63,3.36,1,Power Failure
1231,303.49,317.23,2031.2,41.44,162,5.56,2.62,0,No Failure
1232,297.18,309.55,1832.8,56.7,185,5.65,3.25,1,Power Failure
1233,297.02,307.31,1980.1,53.24,114,4.35,3.7,1,Power Failure
1234,295.3,310.08,1194.3,57.42,148,8.28,8.44,0,No Failure
1235,301.19,315.9,1517.8,71.21,110,3.81,1.58,0,No Failure
1236,298.5,312.43,1176.6,90.0,215,3.94,1.62,1,Tool Wear Failure
1237,303.21,318.17,1326.1,65.31,119,7.08,0.97,1,Power Failure
1238,299.5,312.22,1270.5,71.64,202,6.36,0.5,1,Tool Wear Failure
1239,304.2,319.01,1809.9,56.65,192,4.27,3.42,1,Power Failure
1240,296.76,307.14,1400.9,56.85,99,6.23,8.66,0,No Failure
1241,303.25,315.08,1767.1,38.45,55,7.26,2.01,0,No Failure
1242,302.38,313.5,1651.0,51.92,97,5.46,5.73,0,No Failure
1243,302.32,313.3,2075.9,36.56,198,8.62,2.04,0,No Failure
1244,303.03,313.73,1130.1,86.44,55,3.43,5.55,1,Power Failure
1245,302.23,315.34,1814.8,54.55,126,6.33,3.23,1,Power Failure
1246,300.95,314.86,1786.6,52.81,193,6.9,2.58,1,Power Failure
1247,296.25,309.14,1256.7,75.76,85,6.57,1.6,0,No Failure
1248,295.31,306.04,1751.8,45.75,154,5.25,2.68,0,No Failure
1249,303.75,317.8,1584.0,52.65,59,5.15,4.59,0,No Failure
1250,300.86,314.04,1443.1,63.82,26,6.03,1.43,1,Power Failure
1251,302.57,314.51,1294.0,76.41,191,6.48,2.38,1,Power Failure
1252,299.57,312.95,1320.2,70.61,24,6.22,2.94,1,Power Failure
1253,296.11,307.41,2012.5,54.23,65,6.75,4.48,1,Power Failure
1254,296.19,307.92,1500.2,62.78,205,4.28,2.74,1,Tool Wear Failure
1255,301.51,316.1,1695.5,62.09,83,5.23,2.05,1,Power Failure
1256,299.09,310.54,1302.3,67.97,234,4.37,3.09,1,Tool Wear Failure
1257,296.9,309.25,1305.0,55.6,235,5.04,5.46,1,Tool Wear Failure
1258,299.67,314.12,1770.5,57.05,64,6.72,3.49,0,No Failure
1259,295.61,309.15,1162.6,58.01,10,5.63,2.43,0,No Failure
1260,300.53,310.84,1396.2,64.89,169,8.63,2.65,1,Power Failure
1261,297.56,308.29,1508.5,57.02,108,5.73,1.02,1,Power Failure
1262,302.58,312.62,1527.8,86.84,24,5.57,4.23,1,Power Failure
1263,297.95,311.1,1455.2,62.5,170,5.63,0.77,0,No Failure
1264,299.32,311.56,1599.0,45.98,7,4.73,1.8,0,No Failure
1265,295.11,305.78,1673.2,57.19,209,5.43,2.21,1,Tool Wear Failure
1266,295.69,310.48,1683.7,63.52,33,6.85,1.79,0,No Failure
1267,298.73,311.38,1253.5,83.66,31,5.64,1.06,0,No Failure
1268,299.56,310.77,1429.0,57.53,42,4.55,1.46,0,No Failure
1269,300.7,313.2,1798.7,40.2,230,4.39,0.72,1,Tool Wear Failure
1270,297.77,311.17,1723.7,65.7,166,4.96,6.93,0,No Failure
1271,301.6,311.98,1156.8,55.06,192,5.59,1.64,0,No Failure
1272,303.17,314.54,1587.9,55.88,95,6.93,1.51,1,Power Failure
1273,302.41,316.44,1100.0,67.42,81,3.89,8.64,0,No Failure
1274,295.38,307.67,1511.7,61.07,56,5.12,0.55,0,No Failure
1275,299.56,312.3,1974.4,59.4,115,5.67,3.77,0,No Failure
1276,296.0,308.16,1263.0,59.9,132,3.3,2.6,0,No Failure
1277,297.3,307.52,1291.4,63.43,152,4.5,1.08,0,No Failure
1278,304.37,315.2,1691.0,58.04,62,4.68,2.75,1,Power Failure
1279,296.35,308.58,1114.3,71.21,228,4.54,7.68,1,Tool Wear Failure
1280,299.74,310.79,1341.8,66.14,41,5.73,3.75,1,Power Failure
1281,300.87,311.12,1649.1,63.38,232,5.31,3.41,1,Tool Wear Failure
1282,301.67,315.89,1341.4,73.61,4,4.83,0.84,1,Power Failure
1283,300.32,315.22,1441.0,67.11,115,6.01,1.25,1,Power Failure
1284,295.09,309.06,1686.0,62.81,80,7.57,0.59,1,Power Failure
1285,298.1,312.37,1605.4,44.07,108,7.47,2.67,0,No Failure
1286,299.92,311.13,1566.7,61.17,137,3.19,2.59,1,Power Failure
1287,295.83,310.64,1415.2,68.49,105,6.19,1.26,0,No Failure
1288,298.33,309.32,1592.5,67.44,100,5.29,4.6,1,Power Failure
1289,295.32,310.07,1469.1,55.7,176,5.69,0.78,0,No Failure
1290,295.75,310.72,1614.5,53.12,165,5.02,1.35,0,No Failure
1291,298.77,312.33,1375.8,58.74,200,5.64,2.74,1,Overstrain Failure
1292,296.26,311.17,1454.4,68.28,60,5.68,0.89,0,No Failure
1293,300.39,313.24,1252.5,77.29,146,4.81,1.97,1,Power Failure
1294,301.55,312.85,1491.2,58.1,140,4.42,1.44,1,Power Failure
1295,302.61,314.79,1297.2,75.13,89,4.96,3.04,1,Power Failure
1296,296.9,309.87,1221.5,68.81,117,5.78,0.71,0,No Failure
1297,296.59,306.96,1564.7,59.46,75,6.22,0.5,1,Power Failure
1298,295.99,309.11,1553.2,58.82,34,6.52,0.85,1,Power Failure
1299,301.05,315.95,1695.7,65.55,51,4.91,4.65,0,No Failure
1300,301.71,312.66,1392.2,67.41,25,5.84,4.42,1,Power Failure
1301,295.3,309.26,1602.0,82.72,164,6.66,1.13,1,Power Failure
1302,303.89,318.43,1637.7,50.72,159,6.9,2.38,0,No Failure
1303,295.49,310.21,1611.2,64.96,228,5.43,2.54,1,Tool Wear Failure
1304,300.14,314.94,1293.6,60.84,175,5.23,0.68,0,No Failure
1305,301.74,314.34,1537.3,52.56,12,5.73,1.47,0,No Failure
1306,303.27,318.16,1591.0,60.07,212,4.12,2.13,1,Tool Wear Failure
1307,301.78,315.57,1501.8,63.34,207,5.27,0.5,1,Tool Wear Failure
1308,302.62,313.42,1100.0,90.0,106,6.39,2.73,1,Power Failure
1309,298.22,310.61,1540.1,59.36,141,6.27,3.55,1,Power Failure
1310,302.74,316.33,2053.1,39.64,234,5.18,2.95,1,Tool Wear Failure
1311,295.76,307.0,1410.0,66.53,128,5.76,4.14,1,Power Failure
1312,303.5,316.7,1318.0,44.89,217,4.51,3.42,1,Tool Wear Failure
1313,300.2,313.54,1593.3,59.21,20,6.34,4.58,0,No Failure
1314,302.76,313.58,1578.1,60.6,46,5.41,0.5,1,Random Failure
1315,299.3,312.12,1798.2,63.98,106,5.17,1.82,1,Power Failure
1316,301.11,314.97,1185.5,78.03,140,5.07,1.02,1,Power Failure
1317,300.0,312.5,1682.8,53.31,196,5.42,0.5,1,Power Failure
1318,301.95,312.01,1647.6,57.54,237,4.96,2.23,1,Tool Wear Failure
1319,295.78,305.82,1464.5,55.05,93,6.29,4.75,0,No Failure
1320,295.57,307.36,1584.7,49.03,11,5.03,1.52,0,No Failure
1321,297.35,311.98,1757.4,59.95,192,7.41,3.19,1,Power Failure
1322,296.52,307.66,1718.1,44.9,145,7.26,5.76,0,No Failure
1323,303.28,316.45,1214.2,63.57,48,4.43,2.04,0,No Failure
1324,297.08,308.19,1705.0,47.95,119,5.58,5.15,0,No Failure
1325,304.27,315.88,1483.8,67.82,178,4.72,4.81,1,Overstrain Failure
1326,298.2,312.44,1518.2,79.65,185,5.11,3.12,1,Overstrain Failure
1327,296.73,310.37,1518.3,48.62,120,7.9,0.82,0,No Failure
1328,302.5,312.98,1462.4,44.22,73,5.13,0.5,0,No Failure
1329,301.26,313.4,1797.9,54.79,234,5.93,1.37,1,Tool Wear Failure
1330,299.73,309.88,1479.1,62.58,159,6.15,1.73,0,No Failure
1331,300.28,312.68,1220.1,69.78,98,4.3,2.03,0,No Failure
1332,301.83,315.14,1401.6,59.5,67,4.47,3.82,0,No Failure
1333,297.17,307.76,1544.7,59.1,175,4.05,1.32,1,Power Failure
1334,304.47,315.91,1807.3,59.53,58,4.44,3.89,0,No Failure
1335,304.26,316.25,1650.8,69.39,41,2.08,7.22,0,No Failure
1336,301.18,315.78,1287.4,46.7,127,6.15,2.17,0,No Failure
1337,296.9,311.86,2121.3,45.88,70,7.97,2.89,0,No Failure
1338,301.46,311.69,1566.2,62.81,151,5.68,6.93,1,Power Failure
1339,295.69,309.49,1818.8,46.44,28,3.8,4.25,0,No Failure
1340,295.29,307.15,1462.1,80.07,157,4.73,1.35,1,Power Failure
1341,297.45,309.41,1633.3,52.98,68,4.95,7.61,1,Power Failure
1342,299.39,313.17,1709.9,57.39,0,4.28,2.85,0,No Failure
1343,303.25,317.84,1804.5,61.47,30,6.53,1.49,1,Power Failure
1344,301.91,316.66,1764.3,50.8,224,6.47,0.5,1,Power Failure
1345,302.06,314.94,1718.0,39.17,208,4.11,1.33,0,No Failure
1346,299.04,310.83,1421.2,59.29,56,6.37,2.75,0,No Failure
1347,298.29,312.22,1357.1,75.15,187,7.33,1.03,1,Power Failure
1348,298.52,309.78,1583.2,56.97,146,7.78,1.18,1,Power Failure
1349,304.38,317.2,1733.3,48.87,233,8.94,5.96,1,Tool Wear Failure
1350,295.38,307.17,1444.3,72.37,90,4.42,2.88,1,Power Failure
1351,303.24,316.52,1766.3,53.37,164,8.89,0.6,1,Power Failure
1352,300.5,311.7,1863.2,49.64,15,5.07,4.01,1,Power Failure
1353,299.17,310.12,1270.9,68.08,95,4.79,0.5,1,Power Failure
1354,301.89,316.48,1290.8,73.89,231,5.89,2.75,1,Tool Wear Failure
1355,299.62,310.13,1464.9,86.52,129,4.8,2.5,0,No Failure
1356,303.3,315.83,1576.9,68.73,69,5.98,10.02,1,Power Failure
1357,303.56,314.66,1368.9,76.22,29,3.92,5.0,1,Power Failure
1358,299.01,309.2,1838.1,50.18,169,5.21,2.4,1,Power Failure
1359,297.63,307.81,1606.0,49.62,155,7.04,4.47,0,No Failure
1360,300.63,311.5,1509.9,62.43,90,5.43,0.5,1,Power Failure
1361,303.67,318.0,1141.0,70.25,228,5.67,2.48,1,Tool Wear Failure
1362,297.0,308.41,1171.0,57.79,5,6.07,1.44,0,No Failure
1363,300.92,315.67,1570.3,58.84,73,6.9,2.71,0,No Failure
1364,301.0,313.91,1100.0,73.99,221,3.51,0.5,1,Tool Wear Failure
1365,301.96,314.15,1753.2,60.54,77,6.2,3.93,1,Power Failure
1366,296.25,309.15,1460.5,67.83,61,5.18,3.43,1,Power Failure
1367,301.8,314.38,2310.8,48.69,128,5.7,5.11,0,No Failure
1368,303.64,317.43,2077.0,45.39,198,6.77,1.73,1,Power Failure
1369,296.71,308.12,1454.6,57.77,25,4.07,4.04,0,No Failure
1370,297.26,309.02,1473.4,50.54,226,4.28,8.04,1,Tool Wear Failure
1371,304.23,318.7,1748.9,74.87,191,3.18,1.95,1,Power Failure
1372,296.72,311.45,1925.8,53.62,44,4.84,0.69,0,No Failure
1373,303.12,317.58,1100.0,67.75,171,7.1,3.87,1,Overstrain Failure
1374,299.68,311.77,1100.0,60.71,92,5.36,1.81,0,No Failure
1375,297.35,311.25,1344.5,90.0,97,3.89,0.98,1,Power Failure
1376,303.27,315.65,1645.7,48.35,188,4.92,1.17,0,No Failure
1377,299.23,311.72,1624.2,55.23,231,3.71,0.59,1,Tool Wear Failure
1378,299.89,310.91,1767.4,60.81,30,4.15,0.98,0,No Failure
1379,298.41,311.37,1200.1,74.0,101,5.97,3.25,0,No Failure
1380,300.63,311.56,1100.0,79.58,115,4.09,3.34,1,Power Failure
1381,296.55,308.21,1714.5,75.79,90,6.84,1.27,0,No Failure
1382,298.72,312.99,1293.0,71.2,87,5.41,9.69,1,Power Failure
1383,304.21,315.24,1100.0,59.44,13,5.6,2.66,0,No Failure
1384,297.45,307.81,1536.3,58.71,165,5.17,3.1,1,Power Failure
1385,301.24,311.58,1698.3,61.11,105,6.43,3.6,1,Power Failure
1386,298.09,312.79,1469.5,83.29,47,6.44,1.34,1,Power Failure
1387,302.35,314.88,1385.5,50.31,196,5.9,4.64,0,No Failure
1388,296.24,308.29,1460.2,74.82,193,6.18,0.52,1,Overstrain Failure
1389,304.21,318.27,1407.4,65.65,117,5.25,0.88,1,Power Failure
1390,299.31,313.49,1163.0,77.12,72,6.15,1.35,1,Power Failure
1391,297.24,308.9,1321.3,64.55,153,5.09,2.9,0,No Failure
1392,295.7,309.17,1630.3,50.97,69,5.5,0.74,0,No Failure
1393,296.61,310.47,1580.4,67.9,57,5.17,0.81,1,Power Failure
1394,299.94,313.21,1542.0,67.7,175,4.95,6.41,1,Overstrain Failure
1395,298.2,308.96,1251.2,76.7,10,4.67,5.86,1,Power Failure
1396,302.87,317.25,1454.6,62.77,23,6.06,0.71,0,No Failure
1397,299.09,311.79,1100.0,64.0,2,7.07,1.24,0,No Failure
1398,297.36,308.78,1544.6,45.52,37,6.91,2.35,0,No Failure
1399,300.86,312.99,1857.2,63.05,17,3.99,3.75,0,No Failure
1400,301.71,311.9,1131.5,73.61,239,7.05,1.7,1,Tool Wear Failure
1401,296.59,307.23,1353.5,55.27,69,5.12,1.53,0,No Failure
1402,296.59,310.42,1582.3,54.97,36,6.22,5.38,1,Power Failure
1403,295.35,305.35,1813.2,51.07,58,4.41,1.34,1,Power Failure
1404,302.0,314.08,1387.9,49.41,225,5.67,1.94,1,Tool Wear Failure
1405,301.31,313.92,1326.9,57.28,125,5.88,3.5,0,No Failure
1406,299.51,309.78,1100.0,58.66,88,3.72,3.6,0,No Failure
1407,303.02,317.89,1525.9,57.36,210,6.23,3.34,1,Tool Wear Failure
1408,302.65,313.78,2010.5,44.4,95,7.12,3.2,1,Power Failure
1409,300.56,312.08,1569.3,44.34,80,5.29,2.91,0,No Failure
1410,303.25,314.77,1494.4,82.34,50,7.13,2.04,1,Power Failure
1411,296.96,308.11,1580.5,72.91,91,5.27,4.64,1,Power Failure
1412,296.06,306.07,1497.2,54.27,76,6.52,3.74,0,No Failure
1413,297.56,311.21,1296.7,68.79,163,2.84,1.5,0,No Failure
1414,295.54,310.38,1705.8,62.06,69,8.4,1.97,1,Power Failure
1415,300.05,311.17,1556.4,72.78,139,7.29,0.8,1,Power Failure
1416,303.9,317.21,1504.4,53.73,16,5.16,1.67,0,No Failure
1417,295.37,309.08,1256.2,77.8,46,3.13,0.91,0,No Failure
1418,296.16,310.4,1825.9,50.0,98,5.85,4.73,1,Power Failure
1419,299.3,311.41,1666.2,45.32,225,3.77,11.07,1,Overstrain Failure
1420,303.87,315.39,1361.8,72.01,91,6.03,0.84,0,No Failure
1421,298.0,309.63,1750.5,69.9,159,5.99,2.14,1,Power Failure
1422,299.82,313.38,1375.6,90.0,61,4.37,1.87,1,Power Failure
1423,295.39,309.48,1304.5,53.91,30,6.85,0.5,0,No Failure
1424,296.41,307.32,1310.1,72.79,14,6.47,1.39,0,No Failure
1425,304.37,316.23,1100.0,65.9,73,6.67,7.83,0,No Failure
1426,304.17,318.68,1617.9,67.48,38,5.51,2.75,1,Power Failure
1427,295.05,309.08,1100.0,55.3,42,3.8,2.16,0,No Failure
1428,304.04,318.97,1192.9,55.51,183,6.67,0.92,0,No Failure
1429,301.07,314.84,1100.0,62.24,4,5.18,4.29,0,No Failure
1430,303.25,315.21,1478.5,63.22,134,3.83,1.62,1,Power Failure
1431,299.32,312.27,1462.4,56.34,91,7.12,1.32,0,No Failure
1432,299.9,313.2,1418.3,70.22,122,8.02,3.99,1,Power Failure
1433,299.64,310.04,1239.4,77.48,135,5.45,2.15,1,Power Failure
1434,301.34,314.06,1206.9,73.86,75,8.09,1.05,1,Power Failure
1435,296.33,309.87,1616.1,75.87,71,5.61,4.22,1,Power Failure
1436,295.28,306.12,1362.4,68.91,176,5.04,2.68,1,Power Failure
1437,297.93,311.83,1579.1,48.25,209,4.74,4.26,1,Tool Wear Failure
1438,301.69,314.61,1278.7,80.06,46,7.46,2.24,0,No Failure
1439,296.92,311.68,1545.3,55.04,23,4.56,11.63,1,Overstrain Failure
1440,301.4,311.61,1825.8,64.59,215,6.38,0.5,1,Tool Wear Failure
1441,304.21,315.54,1646.5,74.81,84,4.83,10.77,1,Power Failure
1442,295.89,308.9,1396.9,68.63,132,4.95,1.5,0,No Failure
1443,301.39,312.87,1564.3,45.75,86,6.74,0.53,0,No Failure
1444,299.22,312.79,1439.8,54.02,30,5.04,2.87,0,No Failure
1445,303.25,317.04,1502.0,75.19,141,5.01,5.36,0,No Failure
1446,296.68,307.2,1418.6,61.94,126,6.86,3.32,1,Power Failure
1447,301.58,314.15,1458.9,63.62,49,7.42,0.5,1,Power Failure
1448,302.96,315.51,1553.0,68.53,108,6.27,0.5,1,Power Failure
1449,303.97,315.82,1251.7,73.93,191,4.71,0.58,1,Overstrain Failure
1450,301.49,316.16,1246.0,69.87,142,4.89,1.39,0,No Failure
1451,299.72,313.86,1152.9,66.86,23,5.6,0.68,0,No Failure
1452,300.87,314.36,1100.0,66.87,132,5.89,1.96,0,No Failure
1453,303.25,316.83,1195.7,76.67,169,4.31,0.5,1,Power Failure
1454,300.42,312.73,1539.9,66.74,190,6.37,2.07,1,Power Failure
1455,295.29,309.89,1276.8,63.89,151,5.6,3.19,0,No Failure
1456,303.84,317.32,1628.4,70.25,37,3.44,5.35,1,Power Failure
1457,301.55,315.2,1508.7,60.54,170,4.39,2.83,1,Power Failure
1458,301.43,315.74,1100.0,61.48,163,4.9,6.15,0,No Failure
1459,297.05,308.42,1663.7,51.14,6,5.41,2.84,0,No Failure
1460,301.26,315.29,1702.7,48.16,99,7.77,0.78,0,No Failure
1461,298.74,309.72,1251.5,64.25,80,5.79,1.8,0,No Failure
1462,301.19,312.91,1605.0,72.24,161,4.49,1.33,1,Overstrain Failure
1463,296.01,307.69,1285.9,58.23,52,5.76,2.55,0,No Failure
1464,301.25,316.14,1524.4,63.4,142,5.08,0.5,0,No Failure
1465,304.49,318.78,1183.9,61.76,219,5.89,5.77,1,Tool Wear Failure
1466,295.46,308.96,1100.0,67.4,191,6.2,3.87,1,Overstrain Failure
1467,304.28,317.92,1404.3,48.81,221,6.95,2.39,1,Tool Wear Failure
1468,298.87,311.68,1469.1,60.41,235,5.47,11.24,1,Tool Wear Failure
1469,303.27,318.01,1400.6,62.05,3,7.47,7.78,1,Power Failure
1470,302.43,314.91,1204.0,73.32,149,6.59,3.61,0,No Failure
1471,300.39,312.29,1400.0,66.23,99,4.65,2.46,1,Power Failure
1472,302.02,312.83,1567.3,48.67,206,8.15,1.95,1,Tool Wear Failure
1473,303.35,317.28,1488.8,73.07,60,5.89,1.83,1,Power Failure
1474,298.84,312.51,1545.6,63.19,235,4.5,1.29,1,Tool Wear Failure
1475,298.11,310.03,1332.5,67.33,147,7.48,1.3,0,No Failure
1476,301.34,311.47,1792.9,56.05,190,7.99,2.28,1,Power Failure
1477,302.67,316.87,1206.0,62.7,21,5.46,5.08,0,No Failure
1478,302.24,312.3,1621.9,61.74,44,4.9,2.26,1,Power Failure
1479,302.58,316.1,1795.5,60.85,182,5.29,0.64,1,Power Failure
1480,299.14,313.99,1620.2,42.13,5,6.36,1.87,0,No Failure
1481,302.77,314.96,1449.4,57.63,196,7.03,0.99,0,No Failure
1482,296.14,307.32,1367.9,62.09,3,6.18,6.81,0,No Failure
1483,300.17,313.7,1759.0,59.38,158,5.62,0.5,1,Power Failure
1484,295.05,309.14,1144.3,81.05,88,7.3,2.44,1,Power Failure
1485,298.08,310.82,1257.5,59.13,147,5.12,0.9,0,No Failure
1486,298.48,313.32,1400.6,59.01,167,6.74,1.95,0,No Failure
1487,298.76,309.02,1809.4,50.69,82,5.15,2.41,1,Power Failure
1488,301.61,314.13,1594.9,52.09,26,6.02,4.44,0,No Failure
1489,298.69,312.28,1258.0,63.37,17,5.36,1.68,0,No Failure
1490,299.26,313.58,1422.4,71.26,141,5.43,2.35,1,Power Failure
1491,297.26,308.15,1346.4,54.53,125,5.05,5.8,0,No Failure
1492,298.55,312.55,1322.6,69.83,178,7.11,5.79,1,Power Failure
1493,297.16,309.92,1744.7,40.09,122,4.62,9.45,0,No Failure
1494,295.7,307.68,1157.1,63.25,101,4.61,1.06,0,No Failure
1495,300.73,311.39,1902.2,50.66,96,8.05,9.55,0,No Failure
1496,301.35,315.67,1707.1,74.61,6,6.67,1.86,1,Power Failure
1497,300.89,311.67,1772.7,53.8,81,2.64,6.66,1,Power Failure
1498,299.4,310.95,1384.3,42.3,234,4.82,4.31,0,No Failure
1499,298.61,310.06,1462.5,42.76,210,3.33,1.61,1,Tool Wear Failure
1500,303.2,317.56,1141.7,69.51,79,4.36,8.29,0,No Failure
